round	stratum	case	items	repeats	baseline_wall	baseline_rss_kb	candidate_wall	candidate_rss_kb	baseline_exit	candidate_exit	baseline_affinity	candidate_affinity	baseline_timestamp	candidate_timestamp
1	BC	indented_ast	1000	50	0:08.67	10536	0:09.82	10540	0	0	10	10	2026-08-30T15:50:29+09:00	2026-08-30T15:50:38+09:00
1	BC	indented_ast	10000	8	0:13.84	35572	0:15.22	35708	0	0	10	10	2026-08-30T15:50:53+09:00	2026-08-30T15:51:06+09:00
1	BC	braced_ast	1000	50	0:08.25	10400	0:08.29	10412	0	0	10	10	2026-08-30T15:51:27+09:00	2026-08-30T15:51:35+09:00
1	BC	braced_ast	10000	8	0:14.59	35552	0:13.45	35704	0	0	10	10	2026-08-30T15:51:48+09:00	2026-08-30T15:52:03+09:00
1	BC	indented_direct	1000	50	0:10.75	8576	0:09.89	8448	0	0	10	10	2026-08-30T15:52:22+09:00	2026-08-30T15:52:32+09:00
1	BC	indented_direct	10000	8	0:16.71	10040	0:16.09	10300	0	0	10	10	2026-08-30T15:52:47+09:00	2026-08-30T15:53:04+09:00
1	BC	braced_direct	1000	50	0:09.61	8704	0:09.11	8576	0	0	10	10	2026-08-30T15:53:25+09:00	2026-08-30T15:53:35+09:00
1	BC	braced_direct	10000	8	0:14.50	10020	0:15.13	10152	0	0	10	10	2026-08-30T15:53:49+09:00	2026-08-30T15:54:04+09:00
2	CB	braced_direct	10000	8	0:15.07	9892	0:14.45	10412	0	0	10	10	2026-08-30T15:54:38+09:00	2026-08-30T15:54:24+09:00
2	CB	braced_direct	1000	50	0:09.88	8576	0:09.11	8704	0	0	10	10	2026-08-30T15:55:08+09:00	2026-08-30T15:54:58+09:00
2	CB	indented_direct	10000	8	0:17.92	10296	0:17.06	10428	0	0	10	10	2026-08-30T15:55:40+09:00	2026-08-30T15:55:22+09:00
2	CB	indented_direct	1000	50	0:12.47	8704	0:11.56	8576	0	0	10	10	2026-08-30T15:56:14+09:00	2026-08-30T15:56:03+09:00
2	CB	braced_ast	10000	8	0:17.41	35552	0:15.97	35692	0	0	10	10	2026-08-30T15:56:48+09:00	2026-08-30T15:56:32+09:00
2	CB	braced_ast	1000	50	0:11.86	10400	0:10.26	10412	0	0	10	10	2026-08-30T15:57:21+09:00	2026-08-30T15:57:10+09:00
2	CB	indented_ast	10000	8	0:18.06	35700	0:17.01	35836	0	0	10	10	2026-08-30T15:57:55+09:00	2026-08-30T15:57:37+09:00
2	CB	indented_ast	1000	50	0:11.15	10528	0:10.85	10668	0	0	10	10	2026-08-30T15:58:29+09:00	2026-08-30T15:58:18+09:00
3	BC	indented_ast	1000	50	0:09.91	10532	0:10.33	10540	0	0	10	10	2026-08-30T15:58:45+09:00	2026-08-30T15:58:55+09:00
3	BC	indented_ast	10000	8	0:15.80	35700	0:15.46	35708	0	0	10	10	2026-08-30T15:59:10+09:00	2026-08-30T15:59:26+09:00
3	BC	braced_ast	1000	50	0:08.89	10400	0:09.04	10412	0	0	10	10	2026-08-30T15:59:47+09:00	2026-08-30T15:59:55+09:00
3	BC	braced_ast	10000	8	0:14.79	35564	0:14.15	35564	0	0	10	10	2026-08-30T16:00:10+09:00	2026-08-30T16:00:24+09:00
3	BC	indented_direct	1000	50	0:09.80	8448	0:09.67	8448	0	0	10	10	2026-08-30T16:00:44+09:00	2026-08-30T16:00:54+09:00
3	BC	indented_direct	10000	8	0:16.95	10040	0:15.50	10428	0	0	10	10	2026-08-30T16:01:09+09:00	2026-08-30T16:01:26+09:00
3	BC	braced_direct	1000	50	0:09.57	8576	0:09.24	8704	0	0	10	10	2026-08-30T16:01:46+09:00	2026-08-30T16:01:56+09:00
3	BC	braced_direct	10000	8	0:15.21	10332	0:13.93	10028	0	0	10	10	2026-08-30T16:02:10+09:00	2026-08-30T16:02:26+09:00
4	CB	braced_direct	10000	8	0:14.10	10020	0:15.04	10284	0	0	10	10	2026-08-30T16:03:00+09:00	2026-08-30T16:02:45+09:00
4	CB	braced_direct	1000	50	0:09.59	8576	0:08.95	8576	0	0	10	10	2026-08-30T16:03:28+09:00	2026-08-30T16:03:19+09:00
4	CB	indented_direct	10000	8	0:15.79	10040	0:17.74	10172	0	0	10	10	2026-08-30T16:04:00+09:00	2026-08-30T16:03:42+09:00
4	CB	indented_direct	1000	50	0:09.78	8320	0:09.20	8704	0	0	10	10	2026-08-30T16:04:30+09:00	2026-08-30T16:04:21+09:00
4	CB	braced_ast	10000	8	0:13.31	35552	0:12.94	35692	0	0	10	10	2026-08-30T16:04:58+09:00	2026-08-30T16:04:45+09:00
4	CB	braced_ast	1000	50	0:08.13	10528	0:07.97	10668	0	0	10	10	2026-08-30T16:05:25+09:00	2026-08-30T16:05:17+09:00
4	CB	indented_ast	10000	8	0:13.53	35700	0:14.03	35592	0	0	10	10	2026-08-30T16:05:52+09:00	2026-08-30T16:05:38+09:00
4	CB	indented_ast	1000	50	0:08.25	10404	0:08.70	10412	0	0	10	10	2026-08-30T16:06:19+09:00	2026-08-30T16:06:10+09:00
5	BC	indented_ast	1000	50	0:09.19	10404	0:06.22	10540	0	0	10	10	2026-08-30T16:06:33+09:00	2026-08-30T16:06:42+09:00
5	BC	indented_ast	10000	8	0:09.15	35700	0:09.05	35836	0	0	10	10	2026-08-30T16:06:53+09:00	2026-08-30T16:07:02+09:00
5	BC	braced_ast	1000	50	0:06.09	10656	0:05.41	10540	0	0	10	10	2026-08-30T16:07:16+09:00	2026-08-30T16:07:22+09:00
5	BC	braced_ast	10000	8	0:08.85	35808	0:08.84	35564	0	0	10	10	2026-08-30T16:07:33+09:00	2026-08-30T16:07:42+09:00
5	BC	indented_direct	1000	50	0:06.51	8576	0:06.37	8448	0	0	10	10	2026-08-30T16:07:56+09:00	2026-08-30T16:08:03+09:00
5	BC	indented_direct	10000	8	0:10.44	10192	0:10.77	10300	0	0	10	10	2026-08-30T16:08:14+09:00	2026-08-30T16:08:25+09:00
5	BC	braced_direct	1000	50	0:05.90	8576	0:05.91	8448	0	0	10	10	2026-08-30T16:08:40+09:00	2026-08-30T16:08:46+09:00
5	BC	braced_direct	10000	8	0:09.98	10020	0:09.38	10156	0	0	10	10	2026-08-30T16:08:57+09:00	2026-08-30T16:09:07+09:00
6	CB	braced_direct	10000	8	0:10.07	10020	0:09.47	10284	0	0	10	10	2026-08-30T16:09:31+09:00	2026-08-30T16:09:22+09:00
6	CB	braced_direct	1000	50	0:05.88	8448	0:05.89	8576	0	0	10	10	2026-08-30T16:09:52+09:00	2026-08-30T16:09:46+09:00
6	CB	indented_direct	10000	8	0:10.20	10296	0:10.68	10172	0	0	10	10	2026-08-30T16:10:14+09:00	2026-08-30T16:10:03+09:00
6	CB	indented_direct	1000	50	0:06.98	8704	0:06.35	8576	0	0	10	10	2026-08-30T16:10:36+09:00	2026-08-30T16:10:29+09:00
6	CB	braced_ast	10000	8	0:09.11	35552	0:08.93	35564	0	0	10	10	2026-08-30T16:10:56+09:00	2026-08-30T16:10:48+09:00
6	CB	braced_ast	1000	50	0:05.55	10400	0:05.47	10540	0	0	10	10	2026-08-30T16:11:17+09:00	2026-08-30T16:11:11+09:00
6	CB	indented_ast	10000	8	0:09.57	35700	0:09.03	35836	0	0	10	10	2026-08-30T16:11:36+09:00	2026-08-30T16:11:27+09:00
6	CB	indented_ast	1000	50	0:05.74	10404	0:05.65	10540	0	0	10	10	2026-08-30T16:11:57+09:00	2026-08-30T16:11:51+09:00
7	BC	indented_ast	1000	50	0:05.72	10532	0:06.19	10412	0	0	10	10	2026-08-30T16:12:07+09:00	2026-08-30T16:12:13+09:00
7	BC	indented_ast	10000	8	0:09.27	35572	0:09.41	35708	0	0	10	10	2026-08-30T16:12:24+09:00	2026-08-30T16:12:34+09:00
7	BC	braced_ast	1000	50	0:05.97	10528	0:05.41	10412	0	0	10	10	2026-08-30T16:12:48+09:00	2026-08-30T16:12:54+09:00
7	BC	braced_ast	10000	8	0:08.77	35552	0:08.89	35576	0	0	10	10	2026-08-30T16:13:05+09:00	2026-08-30T16:13:13+09:00
7	BC	indented_direct	1000	50	0:06.29	8448	0:06.24	8448	0	0	10	10	2026-08-30T16:13:28+09:00	2026-08-30T16:13:34+09:00
7	BC	indented_direct	10000	8	0:10.80	10296	0:10.13	10300	0	0	10	10	2026-08-30T16:13:46+09:00	2026-08-30T16:13:56+09:00
7	BC	braced_direct	1000	50	0:05.95	8320	0:06.04	8448	0	0	10	10	2026-08-30T16:14:12+09:00	2026-08-30T16:14:18+09:00
7	BC	braced_direct	10000	8	0:10.15	10148	0:09.92	10156	0	0	10	10	2026-08-30T16:14:29+09:00	2026-08-30T16:14:39+09:00
8	CB	braced_direct	10000	8	0:10.05	10020	0:10.87	10168	0	0	10	10	2026-08-30T16:15:05+09:00	2026-08-30T16:14:54+09:00
8	CB	braced_direct	1000	50	0:06.34	8576	0:06.21	8704	0	0	10	10	2026-08-30T16:15:27+09:00	2026-08-30T16:15:20+09:00
8	CB	indented_direct	10000	8	0:12.95	10172	0:11.46	10172	0	0	10	10	2026-08-30T16:15:50+09:00	2026-08-30T16:15:38+09:00
8	CB	indented_direct	1000	50	0:08.91	8448	0:08.72	8448	0	0	10	10	2026-08-30T16:16:17+09:00	2026-08-30T16:16:08+09:00
8	CB	braced_ast	10000	8	0:12.68	35680	0:13.09	35692	0	0	10	10	2026-08-30T16:16:44+09:00	2026-08-30T16:16:31+09:00
8	CB	braced_ast	1000	50	0:08.52	10656	0:07.74	10408	0	0	10	10	2026-08-30T16:17:10+09:00	2026-08-30T16:17:02+09:00
8	CB	indented_ast	10000	8	0:13.44	35700	0:13.09	35836	0	0	10	10	2026-08-30T16:17:37+09:00	2026-08-30T16:17:23+09:00
8	CB	indented_ast	1000	50	0:10.37	10532	0:09.74	10540	0	0	10	10	2026-08-30T16:18:05+09:00	2026-08-30T16:17:55+09:00
9	BC	indented_ast	1000	50	0:11.10	10404	0:10.69	10540	0	0	10	10	2026-08-30T16:18:21+09:00	2026-08-30T16:18:32+09:00
9	BC	indented_ast	10000	8	0:13.27	35700	0:15.67	35580	0	0	10	10	2026-08-30T16:18:48+09:00	2026-08-30T16:19:01+09:00
9	BC	braced_ast	1000	50	0:10.01	10400	0:08.88	10412	0	0	10	10	2026-08-30T16:19:22+09:00	2026-08-30T16:19:32+09:00
9	BC	braced_ast	10000	8	0:15.87	35552	0:15.65	35564	0	0	10	10	2026-08-30T16:19:46+09:00	2026-08-30T16:20:02+09:00
9	BC	indented_direct	1000	50	0:11.59	8320	0:06.66	8448	0	0	10	10	2026-08-30T16:20:22+09:00	2026-08-30T16:20:34+09:00
9	BC	indented_direct	10000	8	0:10.23	10296	0:10.66	10172	0	0	10	10	2026-08-30T16:20:46+09:00	2026-08-30T16:20:56+09:00
9	BC	braced_direct	1000	50	0:08.95	8576	0:09.49	8320	0	0	10	10	2026-08-30T16:21:12+09:00	2026-08-30T16:21:21+09:00
9	BC	braced_direct	10000	8	0:15.61	10276	0:15.04	10032	0	0	10	10	2026-08-30T16:21:35+09:00	2026-08-30T16:21:51+09:00
10	CB	braced_direct	10000	8	0:15.80	10148	0:15.86	10156	0	0	10	10	2026-08-30T16:22:27+09:00	2026-08-30T16:22:12+09:00
10	CB	braced_direct	1000	50	0:09.35	8704	0:10.18	8448	0	0	10	10	2026-08-30T16:22:59+09:00	2026-08-30T16:22:48+09:00
10	CB	indented_direct	10000	8	0:15.72	10296	0:16.22	10328	0	0	10	10	2026-08-30T16:23:29+09:00	2026-08-30T16:23:13+09:00
10	CB	indented_direct	1000	50	0:09.59	8576	0:09.60	8448	0	0	10	10	2026-08-30T16:24:00+09:00	2026-08-30T16:23:50+09:00
10	CB	braced_ast	10000	8	0:12.15	35552	0:12.25	35692	0	0	10	10	2026-08-30T16:24:27+09:00	2026-08-30T16:24:14+09:00
10	CB	braced_ast	1000	50	0:07.75	10400	0:07.81	10412	0	0	10	10	2026-08-30T16:24:52+09:00	2026-08-30T16:24:44+09:00
10	CB	indented_ast	10000	8	0:12.35	35572	0:10.44	35704	0	0	10	10	2026-08-30T16:25:15+09:00	2026-08-30T16:25:04+09:00
10	CB	indented_ast	1000	50	0:07.60	10528	0:07.86	10412	0	0	10	10	2026-08-30T16:25:40+09:00	2026-08-30T16:25:32+09:00
11	BC	indented_ast	1000	50	0:08.04	10532	0:07.97	10540	0	0	10	10	2026-08-30T16:25:53+09:00	2026-08-30T16:26:01+09:00
11	BC	indented_ast	10000	8	0:12.25	35700	0:12.78	35720	0	0	10	10	2026-08-30T16:26:14+09:00	2026-08-30T16:26:26+09:00
11	BC	braced_ast	1000	50	0:07.21	10528	0:07.05	10412	0	0	10	10	2026-08-30T16:26:44+09:00	2026-08-30T16:26:51+09:00
11	BC	braced_ast	10000	8	0:12.37	35680	0:12.14	35820	0	0	10	10	2026-08-30T16:27:03+09:00	2026-08-30T16:27:16+09:00
11	BC	indented_direct	1000	50	0:09.08	8448	0:09.62	8448	0	0	10	10	2026-08-30T16:27:33+09:00	2026-08-30T16:27:42+09:00
11	BC	indented_direct	10000	8	0:14.96	10300	0:15.72	10172	0	0	10	10	2026-08-30T16:27:57+09:00	2026-08-30T16:28:12+09:00
11	BC	braced_direct	1000	50	0:08.62	8576	0:09.03	8704	0	0	10	10	2026-08-30T16:28:33+09:00	2026-08-30T16:28:41+09:00
11	BC	braced_direct	10000	8	0:14.57	10276	0:14.89	10412	0	0	10	10	2026-08-30T16:28:55+09:00	2026-08-30T16:29:10+09:00
12	CB	braced_direct	10000	8	0:14.79	10276	0:14.83	10156	0	0	10	10	2026-08-30T16:29:45+09:00	2026-08-30T16:29:30+09:00
12	CB	braced_direct	1000	50	0:09.15	8704	0:09.44	8448	0	0	10	10	2026-08-30T16:30:14+09:00	2026-08-30T16:30:05+09:00
12	CB	indented_direct	10000	8	0:16.03	10040	0:15.24	10172	0	0	10	10	2026-08-30T16:30:44+09:00	2026-08-30T16:30:28+09:00
12	CB	indented_direct	1000	50	0:09.26	8576	0:09.48	8448	0	0	10	10	2026-08-30T16:31:14+09:00	2026-08-30T16:31:05+09:00
12	CB	braced_ast	10000	8	0:12.35	35680	0:12.40	35832	0	0	10	10	2026-08-30T16:31:41+09:00	2026-08-30T16:31:29+09:00
12	CB	braced_ast	1000	50	0:07.46	10528	0:07.82	10412	0	0	10	10	2026-08-30T16:32:06+09:00	2026-08-30T16:31:58+09:00
12	CB	indented_ast	10000	8	0:12.71	35700	0:12.44	35720	0	0	10	10	2026-08-30T16:32:31+09:00	2026-08-30T16:32:19+09:00
12	CB	indented_ast	1000	50	0:07.76	10404	0:07.58	10416	0	0	10	10	2026-08-30T16:32:57+09:00	2026-08-30T16:32:49+09:00
13	BC	indented_ast	1000	50	0:07.85	10532	0:07.75	10668	0	0	10	10	2026-08-30T16:33:10+09:00	2026-08-30T16:33:17+09:00
13	BC	indented_ast	10000	8	0:12.40	35700	0:12.49	35708	0	0	10	10	2026-08-30T16:33:30+09:00	2026-08-30T16:33:43+09:00
13	BC	braced_ast	1000	50	0:07.51	10400	0:07.34	10540	0	0	10	10	2026-08-30T16:34:00+09:00	2026-08-30T16:34:08+09:00
13	BC	braced_ast	10000	8	0:12.09	35552	0:11.65	35692	0	0	10	10	2026-08-30T16:34:20+09:00	2026-08-30T16:34:32+09:00
13	BC	indented_direct	1000	50	0:08.45	8576	0:08.63	8704	0	0	10	10	2026-08-30T16:34:49+09:00	2026-08-30T16:34:58+09:00
13	BC	indented_direct	10000	8	0:15.18	10296	0:15.09	10172	0	0	10	10	2026-08-30T16:35:11+09:00	2026-08-30T16:35:26+09:00
13	BC	braced_direct	1000	50	0:08.40	8448	0:09.27	8448	0	0	10	10	2026-08-30T16:35:47+09:00	2026-08-30T16:35:55+09:00
13	BC	braced_direct	10000	8	0:16.23	10276	0:13.33	10284	0	0	10	10	2026-08-30T16:36:09+09:00	2026-08-30T16:36:26+09:00
14	CB	braced_direct	10000	8	0:14.79	10032	0:15.68	10028	0	0	10	10	2026-08-30T16:37:00+09:00	2026-08-30T16:36:44+09:00
14	CB	braced_direct	1000	50	0:09.90	8320	0:10.09	8320	0	0	10	10	2026-08-30T16:37:30+09:00	2026-08-30T16:37:20+09:00
14	CB	indented_direct	10000	8	0:17.46	10300	0:17.31	10428	0	0	10	10	2026-08-30T16:38:02+09:00	2026-08-30T16:37:45+09:00
14	CB	indented_direct	1000	50	0:10.40	8704	0:10.44	8576	0	0	10	10	2026-08-30T16:38:35+09:00	2026-08-30T16:38:25+09:00
14	CB	braced_ast	10000	8	0:14.89	35680	0:14.79	35564	0	0	10	10	2026-08-30T16:39:05+09:00	2026-08-30T16:38:51+09:00
14	CB	braced_ast	1000	50	0:08.66	10656	0:08.60	10540	0	0	10	10	2026-08-30T16:39:34+09:00	2026-08-30T16:39:25+09:00
14	CB	indented_ast	10000	8	0:15.14	35712	0:15.04	35708	0	0	10	10	2026-08-30T16:40:03+09:00	2026-08-30T16:39:48+09:00
14	CB	indented_ast	1000	50	0:09.38	10532	0:09.77	10412	0	0	10	10	2026-08-30T16:40:33+09:00	2026-08-30T16:40:23+09:00
15	BC	indented_ast	1000	50	0:09.36	10532	0:09.91	10412	0	0	10	10	2026-08-30T16:40:47+09:00	2026-08-30T16:40:57+09:00
15	BC	indented_ast	10000	8	0:15.03	35572	0:14.13	35704	0	0	10	10	2026-08-30T16:41:12+09:00	2026-08-30T16:41:27+09:00
15	BC	braced_ast	1000	50	0:07.11	10528	0:09.08	10540	0	0	10	10	2026-08-30T16:41:46+09:00	2026-08-30T16:41:53+09:00
15	BC	braced_ast	10000	8	0:14.89	35680	0:14.20	35704	0	0	10	10	2026-08-30T16:42:07+09:00	2026-08-30T16:42:22+09:00
15	BC	indented_direct	1000	50	0:10.53	8576	0:11.28	8448	0	0	10	10	2026-08-30T16:42:41+09:00	2026-08-30T16:42:52+09:00
15	BC	indented_direct	10000	8	0:16.87	10168	0:17.98	10428	0	0	10	10	2026-08-30T16:43:08+09:00	2026-08-30T16:43:25+09:00
15	BC	braced_direct	1000	50	0:10.53	8320	0:10.97	8320	0	0	10	10	2026-08-30T16:43:48+09:00	2026-08-30T16:43:59+09:00
15	BC	braced_direct	10000	8	0:17.14	10276	0:17.15	10028	0	0	10	10	2026-08-30T16:44:15+09:00	2026-08-30T16:44:32+09:00
16	CB	braced_direct	10000	8	0:17.22	9920	0:17.52	10028	0	0	10	10	2026-08-30T16:45:12+09:00	2026-08-30T16:44:54+09:00
16	CB	braced_direct	1000	50	0:10.36	8192	0:10.07	8448	0	0	10	10	2026-08-30T16:45:44+09:00	2026-08-30T16:45:34+09:00
16	CB	indented_direct	10000	8	0:18.43	10296	0:18.02	10300	0	0	10	10	2026-08-30T16:46:18+09:00	2026-08-30T16:46:00+09:00
16	CB	indented_direct	1000	50	0:11.97	8448	0:12.67	8576	0	0	10	10	2026-08-30T16:46:54+09:00	2026-08-30T16:46:41+09:00
16	CB	braced_ast	10000	8	0:15.26	35820	0:16.29	35576	0	0	10	10	2026-08-30T16:47:27+09:00	2026-08-30T16:47:11+09:00
16	CB	braced_ast	1000	50	0:09.51	10528	0:09.90	10540	0	0	10	10	2026-08-30T16:47:58+09:00	2026-08-30T16:47:48+09:00
16	CB	indented_ast	10000	8	0:15.88	35700	0:16.73	35580	0	0	10	10	2026-08-30T16:48:29+09:00	2026-08-30T16:48:12+09:00
16	CB	indented_ast	1000	50	0:10.28	10532	0:09.81	10668	0	0	10	10	2026-08-30T16:49:00+09:00	2026-08-30T16:48:50+09:00
17	BC	indented_ast	1000	50	0:11.97	10404	0:09.29	10412	0	0	10	10	2026-08-30T16:49:15+09:00	2026-08-30T16:49:27+09:00
17	BC	indented_ast	10000	8	0:14.22	35700	0:13.72	35708	0	0	10	10	2026-08-30T16:49:42+09:00	2026-08-30T16:49:56+09:00
17	BC	braced_ast	1000	50	0:08.42	10528	0:07.98	10412	0	0	10	10	2026-08-30T16:50:15+09:00	2026-08-30T16:50:23+09:00
17	BC	braced_ast	10000	8	0:12.73	35680	0:13.15	35692	0	0	10	10	2026-08-30T16:50:36+09:00	2026-08-30T16:50:49+09:00
17	BC	indented_direct	1000	50	0:09.42	8448	0:09.48	8576	0	0	10	10	2026-08-30T16:51:07+09:00	2026-08-30T16:51:17+09:00
17	BC	indented_direct	10000	8	0:17.56	10040	0:15.47	10428	0	0	10	10	2026-08-30T16:51:31+09:00	2026-08-30T16:51:49+09:00
17	BC	braced_direct	1000	50	0:08.93	8192	0:09.03	8448	0	0	10	10	2026-08-30T16:52:09+09:00	2026-08-30T16:52:18+09:00
17	BC	braced_direct	10000	8	0:15.89	10404	0:14.83	10156	0	0	10	10	2026-08-30T16:52:32+09:00	2026-08-30T16:52:48+09:00
18	CB	braced_direct	10000	8	0:16.38	10276	0:15.60	10284	0	0	10	10	2026-08-30T16:53:24+09:00	2026-08-30T16:53:08+09:00
18	CB	braced_direct	1000	50	0:09.98	8448	0:12.30	8576	0	0	10	10	2026-08-30T16:53:58+09:00	2026-08-30T16:53:45+09:00
18	CB	indented_direct	10000	8	0:17.65	10040	0:16.36	10300	0	0	10	10	2026-08-30T16:54:29+09:00	2026-08-30T16:54:13+09:00
18	CB	indented_direct	1000	50	0:12.16	8320	0:11.46	8704	0	0	10	10	2026-08-30T16:55:03+09:00	2026-08-30T16:54:52+09:00
18	CB	braced_ast	10000	8	0:15.47	35552	0:13.59	35708	0	0	10	10	2026-08-30T16:55:34+09:00	2026-08-30T16:55:21+09:00
18	CB	braced_ast	1000	50	0:08.36	10528	0:11.03	10412	0	0	10	10	2026-08-30T16:56:06+09:00	2026-08-30T16:55:55+09:00
18	CB	indented_ast	10000	8	0:15.53	35700	0:16.26	35576	0	0	10	10	2026-08-30T16:56:36+09:00	2026-08-30T16:56:19+09:00
18	CB	indented_ast	1000	50	0:09.89	10404	0:10.21	10668	0	0	10	10	2026-08-30T16:57:06+09:00	2026-08-30T16:56:56+09:00
19	BC	indented_ast	1000	50	0:09.95	10404	0:11.31	10412	0	0	10	10	2026-08-30T16:57:21+09:00	2026-08-30T16:57:31+09:00
19	BC	indented_ast	10000	8	0:15.70	35572	0:15.55	35708	0	0	10	10	2026-08-30T16:57:48+09:00	2026-08-30T16:58:04+09:00
19	BC	braced_ast	1000	50	0:09.32	10528	0:09.64	10540	0	0	10	10	2026-08-30T16:58:24+09:00	2026-08-30T16:58:34+09:00
19	BC	braced_ast	10000	8	0:15.26	35680	0:15.24	35704	0	0	10	10	2026-08-30T16:58:48+09:00	2026-08-30T16:59:04+09:00
19	BC	indented_direct	1000	50	0:11.02	8704	0:10.83	8320	0	0	10	10	2026-08-30T16:59:24+09:00	2026-08-30T16:59:35+09:00
19	BC	indented_direct	10000	8	0:17.53	10296	0:16.64	10300	0	0	10	10	2026-08-30T16:59:51+09:00	2026-08-30T17:00:08+09:00
19	BC	braced_direct	1000	50	0:09.87	8704	0:10.04	8320	0	0	10	10	2026-08-30T17:00:30+09:00	2026-08-30T17:00:40+09:00
19	BC	braced_direct	10000	8	0:14.98	10276	0:14.99	10028	0	0	10	10	2026-08-30T17:00:55+09:00	2026-08-30T17:01:10+09:00
20	CB	braced_direct	10000	8	0:14.79	9892	0:14.10	10156	0	0	10	10	2026-08-30T17:01:44+09:00	2026-08-30T17:01:30+09:00
20	CB	braced_direct	1000	50	0:08.52	8704	0:08.60	8704	0	0	10	10	2026-08-30T17:02:13+09:00	2026-08-30T17:02:04+09:00
20	CB	indented_direct	10000	8	0:15.43	10040	0:15.12	10172	0	0	10	10	2026-08-30T17:02:42+09:00	2026-08-30T17:02:26+09:00
20	CB	indented_direct	1000	50	0:10.62	8320	0:09.97	8448	0	0	10	10	2026-08-30T17:03:12+09:00	2026-08-30T17:03:02+09:00
20	CB	braced_ast	10000	8	0:13.53	35552	0:13.43	35704	0	0	10	10	2026-08-30T17:03:41+09:00	2026-08-30T17:03:28+09:00
20	CB	braced_ast	1000	50	0:08.85	10400	0:08.63	10412	0	0	10	10	2026-08-30T17:04:09+09:00	2026-08-30T17:04:00+09:00
20	CB	indented_ast	10000	8	0:14.39	35572	0:14.78	35708	0	0	10	10	2026-08-30T17:04:37+09:00	2026-08-30T17:04:23+09:00
20	CB	indented_ast	1000	50	0:08.70	10528	0:08.65	10540	0	0	10	10	2026-08-30T17:05:05+09:00	2026-08-30T17:04:57+09:00
21	BC	indented_ast	1000	50	0:08.67	10532	0:08.99	10540	0	0	10	10	2026-08-30T17:05:19+09:00	2026-08-30T17:05:28+09:00
21	BC	indented_ast	10000	8	0:13.99	35700	0:14.15	35708	0	0	10	10	2026-08-30T17:05:42+09:00	2026-08-30T17:05:56+09:00
21	BC	braced_ast	1000	50	0:08.15	10528	0:08.05	10540	0	0	10	10	2026-08-30T17:06:15+09:00	2026-08-30T17:06:23+09:00
21	BC	braced_ast	10000	8	0:13.17	35808	0:12.96	35692	0	0	10	10	2026-08-30T17:06:37+09:00	2026-08-30T17:06:50+09:00
21	BC	indented_direct	1000	50	0:09.67	8704	0:09.68	8448	0	0	10	10	2026-08-30T17:07:08+09:00	2026-08-30T17:07:18+09:00
21	BC	indented_direct	10000	8	0:12.43	10296	0:13.57	10300	0	0	10	10	2026-08-30T17:07:32+09:00	2026-08-30T17:07:45+09:00
21	BC	braced_direct	1000	50	0:06.34	8576	0:08.39	8576	0	0	10	10	2026-08-30T17:08:03+09:00	2026-08-30T17:08:10+09:00
21	BC	braced_direct	10000	8	0:14.83	10148	0:14.50	10284	0	0	10	10	2026-08-30T17:08:23+09:00	2026-08-30T17:08:38+09:00
22	CB	braced_direct	10000	8	0:15.13	10276	0:15.09	10412	0	0	10	10	2026-08-30T17:09:13+09:00	2026-08-30T17:08:58+09:00
22	CB	braced_direct	1000	50	0:09.76	8448	0:09.52	8448	0	0	10	10	2026-08-30T17:09:43+09:00	2026-08-30T17:09:33+09:00
22	CB	indented_direct	10000	8	0:17.46	10296	0:16.47	10172	0	0	10	10	2026-08-30T17:10:14+09:00	2026-08-30T17:09:57+09:00
22	CB	indented_direct	1000	50	0:10.70	8576	0:10.42	8448	0	0	10	10	2026-08-30T17:10:47+09:00	2026-08-30T17:10:36+09:00
22	CB	braced_ast	10000	8	0:14.66	35552	0:14.38	35436	0	0	10	10	2026-08-30T17:11:17+09:00	2026-08-30T17:11:03+09:00
22	CB	braced_ast	1000	50	0:09.23	10528	0:08.86	10412	0	0	10	10	2026-08-30T17:11:46+09:00	2026-08-30T17:11:37+09:00
22	CB	indented_ast	10000	8	0:14.32	35696	0:15.27	35708	0	0	10	10	2026-08-30T17:12:15+09:00	2026-08-30T17:12:00+09:00
22	CB	indented_ast	1000	50	0:08.78	10532	0:08.37	10412	0	0	10	10	2026-08-30T17:12:43+09:00	2026-08-30T17:12:35+09:00
23	BC	indented_ast	1000	50	0:08.26	10532	0:08.37	10540	0	0	10	10	2026-08-30T17:12:57+09:00	2026-08-30T17:13:05+09:00
23	BC	indented_ast	10000	8	0:13.94	35572	0:13.99	35836	0	0	10	10	2026-08-30T17:13:19+09:00	2026-08-30T17:13:33+09:00
23	BC	braced_ast	1000	50	0:08.60	10400	0:08.75	10540	0	0	10	10	2026-08-30T17:13:52+09:00	2026-08-30T17:14:00+09:00
23	BC	braced_ast	10000	8	0:14.15	35680	0:16.53	35692	0	0	10	10	2026-08-30T17:14:14+09:00	2026-08-30T17:14:28+09:00
23	BC	indented_direct	1000	50	0:10.07	8576	0:09.98	8448	0	0	10	10	2026-08-30T17:14:50+09:00	2026-08-30T17:15:00+09:00
23	BC	indented_direct	10000	8	0:16.65	10040	0:16.64	10168	0	0	10	10	2026-08-30T17:15:15+09:00	2026-08-30T17:15:32+09:00
23	BC	braced_direct	1000	50	0:09.42	8704	0:09.54	8448	0	0	10	10	2026-08-30T17:15:54+09:00	2026-08-30T17:16:03+09:00
23	BC	braced_direct	10000	8	0:17.65	10276	0:16.80	10284	0	0	10	10	2026-08-30T17:16:18+09:00	2026-08-30T17:16:35+09:00
24	CB	braced_direct	10000	8	0:18.62	10020	0:18.55	10412	0	0	10	10	2026-08-30T17:17:16+09:00	2026-08-30T17:16:57+09:00
24	CB	braced_direct	1000	50	0:11.51	8320	0:12.01	8448	0	0	10	10	2026-08-30T17:17:52+09:00	2026-08-30T17:17:40+09:00
24	CB	indented_direct	10000	8	0:19.50	10036	0:20.68	10172	0	0	10	10	2026-08-30T17:18:29+09:00	2026-08-30T17:18:08+09:00
24	CB	indented_direct	1000	50	0:11.98	8576	0:12.45	8576	0	0	10	10	2026-08-30T17:19:06+09:00	2026-08-30T17:18:54+09:00
24	CB	braced_ast	10000	8	0:17.06	35692	0:17.33	35564	0	0	10	10	2026-08-30T17:19:41+09:00	2026-08-30T17:19:23+09:00
24	CB	braced_ast	1000	50	0:11.41	10528	0:10.51	10412	0	0	10	10	2026-08-30T17:20:13+09:00	2026-08-30T17:20:03+09:00
24	CB	indented_ast	10000	8	0:17.86	35712	0:17.74	35836	0	0	10	10	2026-08-30T17:20:47+09:00	2026-08-30T17:20:30+09:00
24	CB	indented_ast	1000	50	0:11.31	10532	0:11.13	10412	0	0	10	10	2026-08-30T17:21:22+09:00	2026-08-30T17:21:10+09:00
