case	round	attempt	stratum	baseline_wall_s	candidate_wall_s	wall_log_ratio	baseline_rss_kb	candidate_rss_kb	rss_difference_kb	baseline_raw	candidate_raw
indented_ast_1k	1	1	BC	20.34	22.37	0.095131384882	10372	10512	140	/tmp/yulang-gate2-final.TM8ChV/ordinary/measured/raw/measured_r01_a1_o01_indented_ast_1k_baseline.raw	/tmp/yulang-gate2-final.TM8ChV/ordinary/measured/raw/measured_r01_a1_o01_indented_ast_1k_candidate.raw
indented_ast_1k	2	1	CB	10.31	12.40	0.184582174582	10368	10640	272	/tmp/yulang-gate2-final.TM8ChV/ordinary/measured/raw/measured_r02_a1_o08_indented_ast_1k_baseline.raw	/tmp/yulang-gate2-final.TM8ChV/ordinary/measured/raw/measured_r02_a1_o08_indented_ast_1k_candidate.raw
indented_ast_1k	3	1	BC	10.12	10.44	0.031130918595	10372	10512	140	/tmp/yulang-gate2-final.TM8ChV/ordinary/measured/raw/measured_r03_a1_o01_indented_ast_1k_baseline.raw	/tmp/yulang-gate2-final.TM8ChV/ordinary/measured/raw/measured_r03_a1_o01_indented_ast_1k_candidate.raw
indented_ast_1k	4	1	CB	13.86	13.89	0.002162163004	10372	10508	136	/tmp/yulang-gate2-final.TM8ChV/ordinary/measured/raw/measured_r04_a1_o08_indented_ast_1k_baseline.raw	/tmp/yulang-gate2-final.TM8ChV/ordinary/measured/raw/measured_r04_a1_o08_indented_ast_1k_candidate.raw
indented_ast_1k	5	1	BC	13.31	15.39	0.145202315444	10372	10512	140	/tmp/yulang-gate2-final.TM8ChV/ordinary/measured/raw/measured_r05_a1_o01_indented_ast_1k_baseline.raw	/tmp/yulang-gate2-final.TM8ChV/ordinary/measured/raw/measured_r05_a1_o01_indented_ast_1k_candidate.raw
indented_ast_1k	6	1	CB	13.92	12.47	-0.110000895214	10496	10640	144	/tmp/yulang-gate2-final.TM8ChV/ordinary/measured/raw/measured_r06_a1_o08_indented_ast_1k_baseline.raw	/tmp/yulang-gate2-final.TM8ChV/ordinary/measured/raw/measured_r06_a1_o08_indented_ast_1k_candidate.raw
indented_ast_1k	7	1	BC	10.84	11.94	0.096651111953	10500	10640	140	/tmp/yulang-gate2-final.TM8ChV/ordinary/measured/raw/measured_r07_a1_o01_indented_ast_1k_baseline.raw	/tmp/yulang-gate2-final.TM8ChV/ordinary/measured/raw/measured_r07_a1_o01_indented_ast_1k_candidate.raw
indented_ast_1k	8	1	CB	17.42	17.43	0.000573888108	10500	10640	140	/tmp/yulang-gate2-final.TM8ChV/ordinary/measured/raw/measured_r08_a1_o08_indented_ast_1k_baseline.raw	/tmp/yulang-gate2-final.TM8ChV/ordinary/measured/raw/measured_r08_a1_o08_indented_ast_1k_candidate.raw
indented_ast_1k	9	1	BC	13.81	14.14	0.023614693047	10372	10512	140	/tmp/yulang-gate2-final.TM8ChV/ordinary/measured/raw/measured_r09_a1_o01_indented_ast_1k_baseline.raw	/tmp/yulang-gate2-final.TM8ChV/ordinary/measured/raw/measured_r09_a1_o01_indented_ast_1k_candidate.raw
indented_ast_1k	10	3	CB	14.27	13.90	-0.026270591352	10500	10512	12	/tmp/yulang-gate2-final.TM8ChV/ordinary/measured/raw/measured_r10_a3_o08_indented_ast_1k_baseline.raw	/tmp/yulang-gate2-final.TM8ChV/ordinary/measured/raw/measured_r10_a3_o08_indented_ast_1k_candidate.raw
indented_ast_1k	11	1	BC	19.68	19.97	0.014628255804	10500	10640	140	/tmp/yulang-gate2-final.TM8ChV/ordinary/measured/raw/measured_r11_a1_o01_indented_ast_1k_baseline.raw	/tmp/yulang-gate2-final.TM8ChV/ordinary/measured/raw/measured_r11_a1_o01_indented_ast_1k_candidate.raw
indented_ast_1k	12	1	CB	11.56	11.21	-0.030744626160	10500	10640	140	/tmp/yulang-gate2-final.TM8ChV/ordinary/measured/raw/measured_r12_a1_o08_indented_ast_1k_baseline.raw	/tmp/yulang-gate2-final.TM8ChV/ordinary/measured/raw/measured_r12_a1_o08_indented_ast_1k_candidate.raw
indented_ast_1k	13	1	BC	11.24	11.32	0.007092228309	10372	10640	268	/tmp/yulang-gate2-final.TM8ChV/ordinary/measured/raw/measured_r13_a1_o01_indented_ast_1k_baseline.raw	/tmp/yulang-gate2-final.TM8ChV/ordinary/measured/raw/measured_r13_a1_o01_indented_ast_1k_candidate.raw
indented_ast_1k	14	1	CB	8.59	9.37	0.086914360254	10500	10640	140	/tmp/yulang-gate2-final.TM8ChV/ordinary/measured/raw/measured_r14_a1_o08_indented_ast_1k_baseline.raw	/tmp/yulang-gate2-final.TM8ChV/ordinary/measured/raw/measured_r14_a1_o08_indented_ast_1k_candidate.raw
indented_ast_1k	15	1	BC	8.16	9.14	0.113416216490	10500	10512	12	/tmp/yulang-gate2-final.TM8ChV/ordinary/measured/raw/measured_r15_a1_o01_indented_ast_1k_baseline.raw	/tmp/yulang-gate2-final.TM8ChV/ordinary/measured/raw/measured_r15_a1_o01_indented_ast_1k_candidate.raw
indented_ast_1k	16	1	CB	8.67	8.84	0.019418085857	10372	10768	396	/tmp/yulang-gate2-final.TM8ChV/ordinary/measured/raw/measured_r16_a1_o08_indented_ast_1k_baseline.raw	/tmp/yulang-gate2-final.TM8ChV/ordinary/measured/raw/measured_r16_a1_o08_indented_ast_1k_candidate.raw
indented_ast_1k	17	1	BC	9.02	8.94	-0.008908744889	10376	10768	392	/tmp/yulang-gate2-final.TM8ChV/ordinary/measured/raw/measured_r17_a1_o01_indented_ast_1k_baseline.raw	/tmp/yulang-gate2-final.TM8ChV/ordinary/measured/raw/measured_r17_a1_o01_indented_ast_1k_candidate.raw
indented_ast_1k	18	1	CB	8.47	8.08	-0.047138636131	10500	10640	140	/tmp/yulang-gate2-final.TM8ChV/ordinary/measured/raw/measured_r18_a1_o08_indented_ast_1k_baseline.raw	/tmp/yulang-gate2-final.TM8ChV/ordinary/measured/raw/measured_r18_a1_o08_indented_ast_1k_candidate.raw
indented_ast_1k	19	1	BC	8.19	8.29	0.012136071282	10500	10640	140	/tmp/yulang-gate2-final.TM8ChV/ordinary/measured/raw/measured_r19_a1_o01_indented_ast_1k_baseline.raw	/tmp/yulang-gate2-final.TM8ChV/ordinary/measured/raw/measured_r19_a1_o01_indented_ast_1k_candidate.raw
indented_ast_1k	20	1	CB	8.47	9.49	0.113708103958	10500	10640	140	/tmp/yulang-gate2-final.TM8ChV/ordinary/measured/raw/measured_r20_a1_o08_indented_ast_1k_baseline.raw	/tmp/yulang-gate2-final.TM8ChV/ordinary/measured/raw/measured_r20_a1_o08_indented_ast_1k_candidate.raw
indented_ast_1k	21	1	BC	8.12	8.96	0.098440072813	10372	10512	140	/tmp/yulang-gate2-final.TM8ChV/ordinary/measured/raw/measured_r21_a1_o01_indented_ast_1k_baseline.raw	/tmp/yulang-gate2-final.TM8ChV/ordinary/measured/raw/measured_r21_a1_o01_indented_ast_1k_candidate.raw
indented_ast_1k	22	1	CB	8.07	8.29	0.026896486865	10372	10640	268	/tmp/yulang-gate2-final.TM8ChV/ordinary/measured/raw/measured_r22_a1_o08_indented_ast_1k_baseline.raw	/tmp/yulang-gate2-final.TM8ChV/ordinary/measured/raw/measured_r22_a1_o08_indented_ast_1k_candidate.raw
indented_ast_1k	23	1	BC	9.04	8.10	-0.109795112726	10372	10640	268	/tmp/yulang-gate2-final.TM8ChV/ordinary/measured/raw/measured_r23_a1_o01_indented_ast_1k_baseline.raw	/tmp/yulang-gate2-final.TM8ChV/ordinary/measured/raw/measured_r23_a1_o01_indented_ast_1k_candidate.raw
indented_ast_1k	24	1	CB	7.60	7.82	0.028536307265	10372	10512	140	/tmp/yulang-gate2-final.TM8ChV/ordinary/measured/raw/measured_r24_a1_o08_indented_ast_1k_baseline.raw	/tmp/yulang-gate2-final.TM8ChV/ordinary/measured/raw/measured_r24_a1_o08_indented_ast_1k_candidate.raw
indented_ast_10k	1	1	BC	35.60	35.07	-0.014999573706	35540	35936	396	/tmp/yulang-gate2-final.TM8ChV/ordinary/measured/raw/measured_r01_a1_o02_indented_ast_10k_baseline.raw	/tmp/yulang-gate2-final.TM8ChV/ordinary/measured/raw/measured_r01_a1_o02_indented_ast_10k_candidate.raw
indented_ast_10k	2	1	CB	16.71	17.05	0.020142861122	35684	35680	-4	/tmp/yulang-gate2-final.TM8ChV/ordinary/measured/raw/measured_r02_a1_o07_indented_ast_10k_baseline.raw	/tmp/yulang-gate2-final.TM8ChV/ordinary/measured/raw/measured_r02_a1_o07_indented_ast_10k_candidate.raw
indented_ast_10k	3	1	BC	15.64	17.74	0.125990241764	35668	35936	268	/tmp/yulang-gate2-final.TM8ChV/ordinary/measured/raw/measured_r03_a1_o02_indented_ast_10k_baseline.raw	/tmp/yulang-gate2-final.TM8ChV/ordinary/measured/raw/measured_r03_a1_o02_indented_ast_10k_candidate.raw
indented_ast_10k	4	1	CB	17.81	18.31	0.027687261385	35552	35680	128	/tmp/yulang-gate2-final.TM8ChV/ordinary/measured/raw/measured_r04_a1_o07_indented_ast_10k_baseline.raw	/tmp/yulang-gate2-final.TM8ChV/ordinary/measured/raw/measured_r04_a1_o07_indented_ast_10k_candidate.raw
indented_ast_10k	5	1	BC	22.27	23.68	0.061390328747	35540	35680	140	/tmp/yulang-gate2-final.TM8ChV/ordinary/measured/raw/measured_r05_a1_o02_indented_ast_10k_baseline.raw	/tmp/yulang-gate2-final.TM8ChV/ordinary/measured/raw/measured_r05_a1_o02_indented_ast_10k_candidate.raw
indented_ast_10k	6	1	CB	19.77	19.91	0.007056480894	35680	35820	140	/tmp/yulang-gate2-final.TM8ChV/ordinary/measured/raw/measured_r06_a1_o07_indented_ast_10k_baseline.raw	/tmp/yulang-gate2-final.TM8ChV/ordinary/measured/raw/measured_r06_a1_o07_indented_ast_10k_candidate.raw
indented_ast_10k	7	1	BC	16.53	16.69	0.009632825841	35540	35680	140	/tmp/yulang-gate2-final.TM8ChV/ordinary/measured/raw/measured_r07_a1_o02_indented_ast_10k_baseline.raw	/tmp/yulang-gate2-final.TM8ChV/ordinary/measured/raw/measured_r07_a1_o02_indented_ast_10k_candidate.raw
indented_ast_10k	8	1	CB	23.19	25.70	0.102769840634	35668	35680	12	/tmp/yulang-gate2-final.TM8ChV/ordinary/measured/raw/measured_r08_a1_o07_indented_ast_10k_baseline.raw	/tmp/yulang-gate2-final.TM8ChV/ordinary/measured/raw/measured_r08_a1_o07_indented_ast_10k_candidate.raw
indented_ast_10k	9	1	BC	20.86	20.13	-0.035622209921	35540	35808	268	/tmp/yulang-gate2-final.TM8ChV/ordinary/measured/raw/measured_r09_a1_o02_indented_ast_10k_baseline.raw	/tmp/yulang-gate2-final.TM8ChV/ordinary/measured/raw/measured_r09_a1_o02_indented_ast_10k_candidate.raw
indented_ast_10k	10	3	CB	22.43	23.32	0.038912012950	35540	35680	140	/tmp/yulang-gate2-final.TM8ChV/ordinary/measured/raw/measured_r10_a3_o07_indented_ast_10k_baseline.raw	/tmp/yulang-gate2-final.TM8ChV/ordinary/measured/raw/measured_r10_a3_o07_indented_ast_10k_candidate.raw
indented_ast_10k	11	1	BC	26.14	26.35	0.008001566791	35540	35808	268	/tmp/yulang-gate2-final.TM8ChV/ordinary/measured/raw/measured_r11_a1_o02_indented_ast_10k_baseline.raw	/tmp/yulang-gate2-final.TM8ChV/ordinary/measured/raw/measured_r11_a1_o02_indented_ast_10k_candidate.raw
indented_ast_10k	12	1	CB	20.48	21.24	0.036437396202	35668	35680	12	/tmp/yulang-gate2-final.TM8ChV/ordinary/measured/raw/measured_r12_a1_o07_indented_ast_10k_baseline.raw	/tmp/yulang-gate2-final.TM8ChV/ordinary/measured/raw/measured_r12_a1_o07_indented_ast_10k_candidate.raw
indented_ast_10k	13	1	BC	16.74	17.99	0.072014982901	35540	35680	140	/tmp/yulang-gate2-final.TM8ChV/ordinary/measured/raw/measured_r13_a1_o02_indented_ast_10k_baseline.raw	/tmp/yulang-gate2-final.TM8ChV/ordinary/measured/raw/measured_r13_a1_o02_indented_ast_10k_candidate.raw
indented_ast_10k	14	1	CB	13.62	15.05	0.099838690474	35552	35808	256	/tmp/yulang-gate2-final.TM8ChV/ordinary/measured/raw/measured_r14_a1_o07_indented_ast_10k_baseline.raw	/tmp/yulang-gate2-final.TM8ChV/ordinary/measured/raw/measured_r14_a1_o07_indented_ast_10k_candidate.raw
indented_ast_10k	15	1	BC	13.83	13.34	-0.036073105189	35540	35680	140	/tmp/yulang-gate2-final.TM8ChV/ordinary/measured/raw/measured_r15_a1_o02_indented_ast_10k_baseline.raw	/tmp/yulang-gate2-final.TM8ChV/ordinary/measured/raw/measured_r15_a1_o02_indented_ast_10k_candidate.raw
indented_ast_10k	16	1	CB	13.85	14.57	0.050679387574	35540	35680	140	/tmp/yulang-gate2-final.TM8ChV/ordinary/measured/raw/measured_r16_a1_o07_indented_ast_10k_baseline.raw	/tmp/yulang-gate2-final.TM8ChV/ordinary/measured/raw/measured_r16_a1_o07_indented_ast_10k_candidate.raw
indented_ast_10k	17	1	BC	15.40	15.68	0.018018505503	35668	35808	140	/tmp/yulang-gate2-final.TM8ChV/ordinary/measured/raw/measured_r17_a1_o02_indented_ast_10k_baseline.raw	/tmp/yulang-gate2-final.TM8ChV/ordinary/measured/raw/measured_r17_a1_o02_indented_ast_10k_candidate.raw
indented_ast_10k	18	1	CB	15.19	13.78	-0.097419051022	35680	35808	128	/tmp/yulang-gate2-final.TM8ChV/ordinary/measured/raw/measured_r18_a1_o07_indented_ast_10k_baseline.raw	/tmp/yulang-gate2-final.TM8ChV/ordinary/measured/raw/measured_r18_a1_o07_indented_ast_10k_candidate.raw
indented_ast_10k	19	1	BC	13.12	13.03	-0.006883392379	35664	35932	268	/tmp/yulang-gate2-final.TM8ChV/ordinary/measured/raw/measured_r19_a1_o02_indented_ast_10k_baseline.raw	/tmp/yulang-gate2-final.TM8ChV/ordinary/measured/raw/measured_r19_a1_o02_indented_ast_10k_candidate.raw
indented_ast_10k	20	1	CB	12.64	13.82	0.089250429621	35552	35936	384	/tmp/yulang-gate2-final.TM8ChV/ordinary/measured/raw/measured_r20_a1_o07_indented_ast_10k_baseline.raw	/tmp/yulang-gate2-final.TM8ChV/ordinary/measured/raw/measured_r20_a1_o07_indented_ast_10k_candidate.raw
indented_ast_10k	21	1	BC	13.59	13.79	0.014609463642	35540	35680	140	/tmp/yulang-gate2-final.TM8ChV/ordinary/measured/raw/measured_r21_a1_o02_indented_ast_10k_baseline.raw	/tmp/yulang-gate2-final.TM8ChV/ordinary/measured/raw/measured_r21_a1_o02_indented_ast_10k_candidate.raw
indented_ast_10k	22	1	CB	13.60	13.31	-0.021554160335	35540	35808	268	/tmp/yulang-gate2-final.TM8ChV/ordinary/measured/raw/measured_r22_a1_o07_indented_ast_10k_baseline.raw	/tmp/yulang-gate2-final.TM8ChV/ordinary/measured/raw/measured_r22_a1_o07_indented_ast_10k_candidate.raw
indented_ast_10k	23	1	BC	13.84	13.65	-0.013823428559	35668	35680	12	/tmp/yulang-gate2-final.TM8ChV/ordinary/measured/raw/measured_r23_a1_o02_indented_ast_10k_baseline.raw	/tmp/yulang-gate2-final.TM8ChV/ordinary/measured/raw/measured_r23_a1_o02_indented_ast_10k_candidate.raw
indented_ast_10k	24	1	CB	12.62	12.76	0.011032420804	35540	35808	268	/tmp/yulang-gate2-final.TM8ChV/ordinary/measured/raw/measured_r24_a1_o07_indented_ast_10k_baseline.raw	/tmp/yulang-gate2-final.TM8ChV/ordinary/measured/raw/measured_r24_a1_o07_indented_ast_10k_candidate.raw
indented_direct_1k	1	1	BC	23.64	27.16	0.138805110153	8576	8832	256	/tmp/yulang-gate2-final.TM8ChV/ordinary/measured/raw/measured_r01_a1_o03_indented_direct_1k_baseline.raw	/tmp/yulang-gate2-final.TM8ChV/ordinary/measured/raw/measured_r01_a1_o03_indented_direct_1k_candidate.raw
indented_direct_1k	2	1	CB	11.47	12.53	0.088390837767	8448	8576	128	/tmp/yulang-gate2-final.TM8ChV/ordinary/measured/raw/measured_r02_a1_o06_indented_direct_1k_baseline.raw	/tmp/yulang-gate2-final.TM8ChV/ordinary/measured/raw/measured_r02_a1_o06_indented_direct_1k_candidate.raw
indented_direct_1k	3	1	BC	11.91	12.26	0.028963547141	8576	8704	128	/tmp/yulang-gate2-final.TM8ChV/ordinary/measured/raw/measured_r03_a1_o03_indented_direct_1k_baseline.raw	/tmp/yulang-gate2-final.TM8ChV/ordinary/measured/raw/measured_r03_a1_o03_indented_direct_1k_candidate.raw
indented_direct_1k	4	1	CB	16.68	13.28	-0.227951252882	8448	8832	384	/tmp/yulang-gate2-final.TM8ChV/ordinary/measured/raw/measured_r04_a1_o06_indented_direct_1k_baseline.raw	/tmp/yulang-gate2-final.TM8ChV/ordinary/measured/raw/measured_r04_a1_o06_indented_direct_1k_candidate.raw
indented_direct_1k	5	1	BC	13.77	14.55	0.055098680877	8320	8576	256	/tmp/yulang-gate2-final.TM8ChV/ordinary/measured/raw/measured_r05_a1_o03_indented_direct_1k_baseline.raw	/tmp/yulang-gate2-final.TM8ChV/ordinary/measured/raw/measured_r05_a1_o03_indented_direct_1k_candidate.raw
indented_direct_1k	6	1	CB	15.07	13.17	-0.134764496883	8576	8704	128	/tmp/yulang-gate2-final.TM8ChV/ordinary/measured/raw/measured_r06_a1_o06_indented_direct_1k_baseline.raw	/tmp/yulang-gate2-final.TM8ChV/ordinary/measured/raw/measured_r06_a1_o06_indented_direct_1k_candidate.raw
indented_direct_1k	7	1	BC	11.35	12.40	0.088478728684	8320	8576	256	/tmp/yulang-gate2-final.TM8ChV/ordinary/measured/raw/measured_r07_a1_o03_indented_direct_1k_baseline.raw	/tmp/yulang-gate2-final.TM8ChV/ordinary/measured/raw/measured_r07_a1_o03_indented_direct_1k_candidate.raw
indented_direct_1k	8	1	CB	16.76	17.54	0.045488891890	8448	8704	256	/tmp/yulang-gate2-final.TM8ChV/ordinary/measured/raw/measured_r08_a1_o06_indented_direct_1k_baseline.raw	/tmp/yulang-gate2-final.TM8ChV/ordinary/measured/raw/measured_r08_a1_o06_indented_direct_1k_candidate.raw
indented_direct_1k	9	1	BC	13.02	13.64	0.046520015635	8576	8576	0	/tmp/yulang-gate2-final.TM8ChV/ordinary/measured/raw/measured_r09_a1_o03_indented_direct_1k_baseline.raw	/tmp/yulang-gate2-final.TM8ChV/ordinary/measured/raw/measured_r09_a1_o03_indented_direct_1k_candidate.raw
indented_direct_1k	10	3	CB	15.51	16.92	0.087011376990	8448	8832	384	/tmp/yulang-gate2-final.TM8ChV/ordinary/measured/raw/measured_r10_a3_o06_indented_direct_1k_baseline.raw	/tmp/yulang-gate2-final.TM8ChV/ordinary/measured/raw/measured_r10_a3_o06_indented_direct_1k_candidate.raw
indented_direct_1k	11	1	BC	18.38	17.35	-0.057670610535	8448	8576	128	/tmp/yulang-gate2-final.TM8ChV/ordinary/measured/raw/measured_r11_a1_o03_indented_direct_1k_baseline.raw	/tmp/yulang-gate2-final.TM8ChV/ordinary/measured/raw/measured_r11_a1_o03_indented_direct_1k_candidate.raw
indented_direct_1k	12	1	CB	14.33	14.19	-0.009817750668	8320	8832	512	/tmp/yulang-gate2-final.TM8ChV/ordinary/measured/raw/measured_r12_a1_o06_indented_direct_1k_baseline.raw	/tmp/yulang-gate2-final.TM8ChV/ordinary/measured/raw/measured_r12_a1_o06_indented_direct_1k_candidate.raw
indented_direct_1k	13	1	BC	10.04	10.22	0.017769470512	8320	8576	256	/tmp/yulang-gate2-final.TM8ChV/ordinary/measured/raw/measured_r13_a1_o03_indented_direct_1k_baseline.raw	/tmp/yulang-gate2-final.TM8ChV/ordinary/measured/raw/measured_r13_a1_o03_indented_direct_1k_candidate.raw
indented_direct_1k	14	1	CB	9.52	10.16	0.065063593347	8320	8832	512	/tmp/yulang-gate2-final.TM8ChV/ordinary/measured/raw/measured_r14_a1_o06_indented_direct_1k_baseline.raw	/tmp/yulang-gate2-final.TM8ChV/ordinary/measured/raw/measured_r14_a1_o06_indented_direct_1k_candidate.raw
indented_direct_1k	15	1	BC	9.53	9.04	-0.052785543262	8704	8832	128	/tmp/yulang-gate2-final.TM8ChV/ordinary/measured/raw/measured_r15_a1_o03_indented_direct_1k_baseline.raw	/tmp/yulang-gate2-final.TM8ChV/ordinary/measured/raw/measured_r15_a1_o03_indented_direct_1k_candidate.raw
indented_direct_1k	16	1	CB	10.04	10.23	0.018747465700	8576	8576	0	/tmp/yulang-gate2-final.TM8ChV/ordinary/measured/raw/measured_r16_a1_o06_indented_direct_1k_baseline.raw	/tmp/yulang-gate2-final.TM8ChV/ordinary/measured/raw/measured_r16_a1_o06_indented_direct_1k_candidate.raw
indented_direct_1k	17	1	BC	10.46	11.35	0.081659285291	8448	8832	384	/tmp/yulang-gate2-final.TM8ChV/ordinary/measured/raw/measured_r17_a1_o03_indented_direct_1k_baseline.raw	/tmp/yulang-gate2-final.TM8ChV/ordinary/measured/raw/measured_r17_a1_o03_indented_direct_1k_candidate.raw
indented_direct_1k	18	1	CB	9.19	10.25	0.109161769217	8576	8576	0	/tmp/yulang-gate2-final.TM8ChV/ordinary/measured/raw/measured_r18_a1_o06_indented_direct_1k_baseline.raw	/tmp/yulang-gate2-final.TM8ChV/ordinary/measured/raw/measured_r18_a1_o06_indented_direct_1k_candidate.raw
indented_direct_1k	19	1	BC	9.67	9.82	0.015392812901	8320	8576	256	/tmp/yulang-gate2-final.TM8ChV/ordinary/measured/raw/measured_r19_a1_o03_indented_direct_1k_baseline.raw	/tmp/yulang-gate2-final.TM8ChV/ordinary/measured/raw/measured_r19_a1_o03_indented_direct_1k_candidate.raw
indented_direct_1k	20	1	CB	8.79	9.45	0.072400029809	8576	8576	0	/tmp/yulang-gate2-final.TM8ChV/ordinary/measured/raw/measured_r20_a1_o06_indented_direct_1k_baseline.raw	/tmp/yulang-gate2-final.TM8ChV/ordinary/measured/raw/measured_r20_a1_o06_indented_direct_1k_candidate.raw
indented_direct_1k	21	1	BC	9.25	9.13	-0.013057856917	8320	8576	256	/tmp/yulang-gate2-final.TM8ChV/ordinary/measured/raw/measured_r21_a1_o03_indented_direct_1k_baseline.raw	/tmp/yulang-gate2-final.TM8ChV/ordinary/measured/raw/measured_r21_a1_o03_indented_direct_1k_candidate.raw
indented_direct_1k	22	1	CB	9.30	10.28	0.100185859868	8576	8832	256	/tmp/yulang-gate2-final.TM8ChV/ordinary/measured/raw/measured_r22_a1_o06_indented_direct_1k_baseline.raw	/tmp/yulang-gate2-final.TM8ChV/ordinary/measured/raw/measured_r22_a1_o06_indented_direct_1k_candidate.raw
indented_direct_1k	23	1	BC	10.03	9.27	-0.078797222396	8320	8832	512	/tmp/yulang-gate2-final.TM8ChV/ordinary/measured/raw/measured_r23_a1_o03_indented_direct_1k_baseline.raw	/tmp/yulang-gate2-final.TM8ChV/ordinary/measured/raw/measured_r23_a1_o03_indented_direct_1k_candidate.raw
indented_direct_1k	24	1	CB	8.67	9.36	0.076576499697	8576	8576	0	/tmp/yulang-gate2-final.TM8ChV/ordinary/measured/raw/measured_r24_a1_o06_indented_direct_1k_baseline.raw	/tmp/yulang-gate2-final.TM8ChV/ordinary/measured/raw/measured_r24_a1_o06_indented_direct_1k_candidate.raw
indented_direct_10k	1	1	BC	31.60	31.46	-0.004440222963	10008	10276	268	/tmp/yulang-gate2-final.TM8ChV/ordinary/measured/raw/measured_r01_a1_o04_indented_direct_10k_baseline.raw	/tmp/yulang-gate2-final.TM8ChV/ordinary/measured/raw/measured_r01_a1_o04_indented_direct_10k_candidate.raw
indented_direct_10k	2	1	CB	18.83	22.00	0.155591110689	10264	10404	140	/tmp/yulang-gate2-final.TM8ChV/ordinary/measured/raw/measured_r02_a1_o05_indented_direct_10k_baseline.raw	/tmp/yulang-gate2-final.TM8ChV/ordinary/measured/raw/measured_r02_a1_o05_indented_direct_10k_candidate.raw
indented_direct_10k	3	1	BC	20.63	21.39	0.036177196011	10264	10276	12	/tmp/yulang-gate2-final.TM8ChV/ordinary/measured/raw/measured_r03_a1_o04_indented_direct_10k_baseline.raw	/tmp/yulang-gate2-final.TM8ChV/ordinary/measured/raw/measured_r03_a1_o04_indented_direct_10k_candidate.raw
indented_direct_10k	4	1	CB	21.04	22.06	0.047340625956	10008	10276	268	/tmp/yulang-gate2-final.TM8ChV/ordinary/measured/raw/measured_r04_a1_o05_indented_direct_10k_baseline.raw	/tmp/yulang-gate2-final.TM8ChV/ordinary/measured/raw/measured_r04_a1_o05_indented_direct_10k_candidate.raw
indented_direct_10k	5	1	BC	26.39	23.85	-0.101200933181	9932	10148	216	/tmp/yulang-gate2-final.TM8ChV/ordinary/measured/raw/measured_r05_a1_o04_indented_direct_10k_baseline.raw	/tmp/yulang-gate2-final.TM8ChV/ordinary/measured/raw/measured_r05_a1_o04_indented_direct_10k_candidate.raw
indented_direct_10k	6	1	CB	22.62	22.53	-0.003986716244	10172	10276	104	/tmp/yulang-gate2-final.TM8ChV/ordinary/measured/raw/measured_r06_a1_o05_indented_direct_10k_baseline.raw	/tmp/yulang-gate2-final.TM8ChV/ordinary/measured/raw/measured_r06_a1_o05_indented_direct_10k_candidate.raw
indented_direct_10k	7	1	BC	21.30	26.45	0.216549085589	9876	10276	400	/tmp/yulang-gate2-final.TM8ChV/ordinary/measured/raw/measured_r07_a1_o04_indented_direct_10k_baseline.raw	/tmp/yulang-gate2-final.TM8ChV/ordinary/measured/raw/measured_r07_a1_o04_indented_direct_10k_candidate.raw
indented_direct_10k	8	1	CB	27.56	30.40	0.098077162267	10264	10404	140	/tmp/yulang-gate2-final.TM8ChV/ordinary/measured/raw/measured_r08_a1_o05_indented_direct_10k_baseline.raw	/tmp/yulang-gate2-final.TM8ChV/ordinary/measured/raw/measured_r08_a1_o05_indented_direct_10k_candidate.raw
indented_direct_10k	9	1	BC	20.53	21.29	0.036350247875	10008	10532	524	/tmp/yulang-gate2-final.TM8ChV/ordinary/measured/raw/measured_r09_a1_o04_indented_direct_10k_baseline.raw	/tmp/yulang-gate2-final.TM8ChV/ordinary/measured/raw/measured_r09_a1_o04_indented_direct_10k_candidate.raw
indented_direct_10k	10	3	CB	26.50	27.85	0.049688233381	10008	10404	396	/tmp/yulang-gate2-final.TM8ChV/ordinary/measured/raw/measured_r10_a3_o05_indented_direct_10k_baseline.raw	/tmp/yulang-gate2-final.TM8ChV/ordinary/measured/raw/measured_r10_a3_o05_indented_direct_10k_candidate.raw
indented_direct_10k	11	1	BC	26.87	28.45	0.057137737945	10008	10276	268	/tmp/yulang-gate2-final.TM8ChV/ordinary/measured/raw/measured_r11_a1_o04_indented_direct_10k_baseline.raw	/tmp/yulang-gate2-final.TM8ChV/ordinary/measured/raw/measured_r11_a1_o04_indented_direct_10k_candidate.raw
indented_direct_10k	12	1	CB	23.25	22.74	-0.022179643711	10264	10400	136	/tmp/yulang-gate2-final.TM8ChV/ordinary/measured/raw/measured_r12_a1_o05_indented_direct_10k_baseline.raw	/tmp/yulang-gate2-final.TM8ChV/ordinary/measured/raw/measured_r12_a1_o05_indented_direct_10k_candidate.raw
indented_direct_10k	13	1	BC	16.92	17.89	0.055745543343	10264	10404	140	/tmp/yulang-gate2-final.TM8ChV/ordinary/measured/raw/measured_r13_a1_o04_indented_direct_10k_baseline.raw	/tmp/yulang-gate2-final.TM8ChV/ordinary/measured/raw/measured_r13_a1_o04_indented_direct_10k_candidate.raw
indented_direct_10k	14	1	CB	15.15	16.51	0.085965725977	10264	10148	-116	/tmp/yulang-gate2-final.TM8ChV/ordinary/measured/raw/measured_r14_a1_o05_indented_direct_10k_baseline.raw	/tmp/yulang-gate2-final.TM8ChV/ordinary/measured/raw/measured_r14_a1_o05_indented_direct_10k_candidate.raw
indented_direct_10k	15	1	BC	15.49	15.10	-0.025499910608	10008	10276	268	/tmp/yulang-gate2-final.TM8ChV/ordinary/measured/raw/measured_r15_a1_o04_indented_direct_10k_baseline.raw	/tmp/yulang-gate2-final.TM8ChV/ordinary/measured/raw/measured_r15_a1_o04_indented_direct_10k_candidate.raw
indented_direct_10k	16	1	CB	14.77	16.45	0.107727380668	10264	10280	16	/tmp/yulang-gate2-final.TM8ChV/ordinary/measured/raw/measured_r16_a1_o05_indented_direct_10k_baseline.raw	/tmp/yulang-gate2-final.TM8ChV/ordinary/measured/raw/measured_r16_a1_o05_indented_direct_10k_candidate.raw
indented_direct_10k	17	1	BC	17.18	18.24	0.059871068090	10264	10276	12	/tmp/yulang-gate2-final.TM8ChV/ordinary/measured/raw/measured_r17_a1_o04_indented_direct_10k_baseline.raw	/tmp/yulang-gate2-final.TM8ChV/ordinary/measured/raw/measured_r17_a1_o04_indented_direct_10k_candidate.raw
indented_direct_10k	18	1	CB	14.76	16.34	0.101695270260	10264	10276	12	/tmp/yulang-gate2-final.TM8ChV/ordinary/measured/raw/measured_r18_a1_o05_indented_direct_10k_baseline.raw	/tmp/yulang-gate2-final.TM8ChV/ordinary/measured/raw/measured_r18_a1_o05_indented_direct_10k_candidate.raw
indented_direct_10k	19	1	BC	14.69	15.03	0.022881213579	10008	10532	524	/tmp/yulang-gate2-final.TM8ChV/ordinary/measured/raw/measured_r19_a1_o04_indented_direct_10k_baseline.raw	/tmp/yulang-gate2-final.TM8ChV/ordinary/measured/raw/measured_r19_a1_o04_indented_direct_10k_candidate.raw
indented_direct_10k	20	1	CB	15.04	15.64	0.039118416595	10264	10276	12	/tmp/yulang-gate2-final.TM8ChV/ordinary/measured/raw/measured_r20_a1_o05_indented_direct_10k_baseline.raw	/tmp/yulang-gate2-final.TM8ChV/ordinary/measured/raw/measured_r20_a1_o05_indented_direct_10k_candidate.raw
indented_direct_10k	21	1	BC	15.81	14.74	-0.070077764460	10008	10532	524	/tmp/yulang-gate2-final.TM8ChV/ordinary/measured/raw/measured_r21_a1_o04_indented_direct_10k_baseline.raw	/tmp/yulang-gate2-final.TM8ChV/ordinary/measured/raw/measured_r21_a1_o04_indented_direct_10k_candidate.raw
indented_direct_10k	22	1	CB	14.26	15.78	0.101284900432	10264	10276	12	/tmp/yulang-gate2-final.TM8ChV/ordinary/measured/raw/measured_r22_a1_o05_indented_direct_10k_baseline.raw	/tmp/yulang-gate2-final.TM8ChV/ordinary/measured/raw/measured_r22_a1_o05_indented_direct_10k_candidate.raw
indented_direct_10k	23	1	BC	14.38	14.65	0.018601983170	10264	10276	12	/tmp/yulang-gate2-final.TM8ChV/ordinary/measured/raw/measured_r23_a1_o04_indented_direct_10k_baseline.raw	/tmp/yulang-gate2-final.TM8ChV/ordinary/measured/raw/measured_r23_a1_o04_indented_direct_10k_candidate.raw
indented_direct_10k	24	1	CB	14.16	14.95	0.054290211571	10008	10276	268	/tmp/yulang-gate2-final.TM8ChV/ordinary/measured/raw/measured_r24_a1_o05_indented_direct_10k_baseline.raw	/tmp/yulang-gate2-final.TM8ChV/ordinary/measured/raw/measured_r24_a1_o05_indented_direct_10k_candidate.raw
braced_ast_1k	1	1	BC	15.33	16.10	0.049007579107	10496	10384	-112	/tmp/yulang-gate2-final.TM8ChV/ordinary/measured/raw/measured_r01_a1_o05_braced_ast_1k_baseline.raw	/tmp/yulang-gate2-final.TM8ChV/ordinary/measured/raw/measured_r01_a1_o05_braced_ast_1k_candidate.raw
braced_ast_1k	2	1	CB	11.42	14.44	0.234635929237	10496	10636	140	/tmp/yulang-gate2-final.TM8ChV/ordinary/measured/raw/measured_r02_a1_o04_braced_ast_1k_baseline.raw	/tmp/yulang-gate2-final.TM8ChV/ordinary/measured/raw/measured_r02_a1_o04_braced_ast_1k_candidate.raw
braced_ast_1k	3	1	BC	11.42	17.89	0.448875693293	10368	10636	268	/tmp/yulang-gate2-final.TM8ChV/ordinary/measured/raw/measured_r03_a1_o05_braced_ast_1k_baseline.raw	/tmp/yulang-gate2-final.TM8ChV/ordinary/measured/raw/measured_r03_a1_o05_braced_ast_1k_candidate.raw
braced_ast_1k	4	1	CB	12.32	15.28	0.215320825633	10368	10636	268	/tmp/yulang-gate2-final.TM8ChV/ordinary/measured/raw/measured_r04_a1_o04_braced_ast_1k_baseline.raw	/tmp/yulang-gate2-final.TM8ChV/ordinary/measured/raw/measured_r04_a1_o04_braced_ast_1k_candidate.raw
braced_ast_1k	5	1	BC	12.68	12.48	-0.015898586068	10496	10636	140	/tmp/yulang-gate2-final.TM8ChV/ordinary/measured/raw/measured_r05_a1_o05_braced_ast_1k_baseline.raw	/tmp/yulang-gate2-final.TM8ChV/ordinary/measured/raw/measured_r05_a1_o05_braced_ast_1k_candidate.raw
braced_ast_1k	6	1	CB	11.30	11.98	0.058435866969	10496	10636	140	/tmp/yulang-gate2-final.TM8ChV/ordinary/measured/raw/measured_r06_a1_o04_braced_ast_1k_baseline.raw	/tmp/yulang-gate2-final.TM8ChV/ordinary/measured/raw/measured_r06_a1_o04_braced_ast_1k_candidate.raw
braced_ast_1k	7	1	BC	12.60	12.78	0.014184634992	10368	10636	268	/tmp/yulang-gate2-final.TM8ChV/ordinary/measured/raw/measured_r07_a1_o05_braced_ast_1k_baseline.raw	/tmp/yulang-gate2-final.TM8ChV/ordinary/measured/raw/measured_r07_a1_o05_braced_ast_1k_candidate.raw
braced_ast_1k	8	1	CB	12.07	13.13	0.084176653205	10368	10636	268	/tmp/yulang-gate2-final.TM8ChV/ordinary/measured/raw/measured_r08_a1_o04_braced_ast_1k_baseline.raw	/tmp/yulang-gate2-final.TM8ChV/ordinary/measured/raw/measured_r08_a1_o04_braced_ast_1k_candidate.raw
braced_ast_1k	9	1	BC	10.13	10.23	0.009823261703	10496	10380	-116	/tmp/yulang-gate2-final.TM8ChV/ordinary/measured/raw/measured_r09_a1_o05_braced_ast_1k_baseline.raw	/tmp/yulang-gate2-final.TM8ChV/ordinary/measured/raw/measured_r09_a1_o05_braced_ast_1k_candidate.raw
braced_ast_1k	10	3	CB	14.34	14.61	0.018653390591	10368	10380	12	/tmp/yulang-gate2-final.TM8ChV/ordinary/measured/raw/measured_r10_a3_o04_braced_ast_1k_baseline.raw	/tmp/yulang-gate2-final.TM8ChV/ordinary/measured/raw/measured_r10_a3_o04_braced_ast_1k_candidate.raw
braced_ast_1k	11	1	BC	11.57	12.56	0.082101619834	10496	10380	-116	/tmp/yulang-gate2-final.TM8ChV/ordinary/measured/raw/measured_r11_a1_o05_braced_ast_1k_baseline.raw	/tmp/yulang-gate2-final.TM8ChV/ordinary/measured/raw/measured_r11_a1_o05_braced_ast_1k_candidate.raw
braced_ast_1k	12	1	CB	11.74	11.79	0.004249900149	10496	10636	140	/tmp/yulang-gate2-final.TM8ChV/ordinary/measured/raw/measured_r12_a1_o04_braced_ast_1k_baseline.raw	/tmp/yulang-gate2-final.TM8ChV/ordinary/measured/raw/measured_r12_a1_o04_braced_ast_1k_candidate.raw
braced_ast_1k	13	1	BC	8.57	9.65	0.118690182741	10496	10380	-116	/tmp/yulang-gate2-final.TM8ChV/ordinary/measured/raw/measured_r13_a1_o05_braced_ast_1k_baseline.raw	/tmp/yulang-gate2-final.TM8ChV/ordinary/measured/raw/measured_r13_a1_o05_braced_ast_1k_candidate.raw
braced_ast_1k	14	1	CB	8.29	8.41	0.014371504838	10496	10380	-116	/tmp/yulang-gate2-final.TM8ChV/ordinary/measured/raw/measured_r14_a1_o04_braced_ast_1k_baseline.raw	/tmp/yulang-gate2-final.TM8ChV/ordinary/measured/raw/measured_r14_a1_o04_braced_ast_1k_candidate.raw
braced_ast_1k	15	1	BC	8.21	8.47	0.031177585200	10496	10508	12	/tmp/yulang-gate2-final.TM8ChV/ordinary/measured/raw/measured_r15_a1_o05_braced_ast_1k_baseline.raw	/tmp/yulang-gate2-final.TM8ChV/ordinary/measured/raw/measured_r15_a1_o05_braced_ast_1k_candidate.raw
braced_ast_1k	16	1	CB	7.91	8.38	0.057720132714	10368	10636	268	/tmp/yulang-gate2-final.TM8ChV/ordinary/measured/raw/measured_r16_a1_o04_braced_ast_1k_baseline.raw	/tmp/yulang-gate2-final.TM8ChV/ordinary/measured/raw/measured_r16_a1_o04_braced_ast_1k_candidate.raw
braced_ast_1k	17	1	BC	9.26	9.42	0.017131039930	10624	10636	12	/tmp/yulang-gate2-final.TM8ChV/ordinary/measured/raw/measured_r17_a1_o05_braced_ast_1k_baseline.raw	/tmp/yulang-gate2-final.TM8ChV/ordinary/measured/raw/measured_r17_a1_o05_braced_ast_1k_candidate.raw
braced_ast_1k	18	1	CB	8.17	8.77	0.070867897512	10624	10636	12	/tmp/yulang-gate2-final.TM8ChV/ordinary/measured/raw/measured_r18_a1_o04_braced_ast_1k_baseline.raw	/tmp/yulang-gate2-final.TM8ChV/ordinary/measured/raw/measured_r18_a1_o04_braced_ast_1k_candidate.raw
braced_ast_1k	19	1	BC	7.93	8.09	0.019975695424	10496	10636	140	/tmp/yulang-gate2-final.TM8ChV/ordinary/measured/raw/measured_r19_a1_o05_braced_ast_1k_baseline.raw	/tmp/yulang-gate2-final.TM8ChV/ordinary/measured/raw/measured_r19_a1_o05_braced_ast_1k_candidate.raw
braced_ast_1k	20	1	CB	7.87	8.93	0.126358332459	10368	10636	268	/tmp/yulang-gate2-final.TM8ChV/ordinary/measured/raw/measured_r20_a1_o04_braced_ast_1k_baseline.raw	/tmp/yulang-gate2-final.TM8ChV/ordinary/measured/raw/measured_r20_a1_o04_braced_ast_1k_candidate.raw
braced_ast_1k	21	1	BC	8.04	8.11	0.008668784936	10624	10640	16	/tmp/yulang-gate2-final.TM8ChV/ordinary/measured/raw/measured_r21_a1_o05_braced_ast_1k_baseline.raw	/tmp/yulang-gate2-final.TM8ChV/ordinary/measured/raw/measured_r21_a1_o05_braced_ast_1k_candidate.raw
braced_ast_1k	22	1	CB	7.54	8.36	0.103236245077	10368	10380	12	/tmp/yulang-gate2-final.TM8ChV/ordinary/measured/raw/measured_r22_a1_o04_braced_ast_1k_baseline.raw	/tmp/yulang-gate2-final.TM8ChV/ordinary/measured/raw/measured_r22_a1_o04_braced_ast_1k_candidate.raw
braced_ast_1k	23	1	BC	7.86	7.80	-0.007662872746	10496	10636	140	/tmp/yulang-gate2-final.TM8ChV/ordinary/measured/raw/measured_r23_a1_o05_braced_ast_1k_baseline.raw	/tmp/yulang-gate2-final.TM8ChV/ordinary/measured/raw/measured_r23_a1_o05_braced_ast_1k_candidate.raw
braced_ast_1k	24	1	CB	7.44	7.77	0.043399315535	10496	10380	-116	/tmp/yulang-gate2-final.TM8ChV/ordinary/measured/raw/measured_r24_a1_o04_braced_ast_1k_baseline.raw	/tmp/yulang-gate2-final.TM8ChV/ordinary/measured/raw/measured_r24_a1_o04_braced_ast_1k_candidate.raw
braced_ast_10k	1	1	BC	24.95	24.49	-0.018608951233	35648	35784	136	/tmp/yulang-gate2-final.TM8ChV/ordinary/measured/raw/measured_r01_a1_o06_braced_ast_10k_baseline.raw	/tmp/yulang-gate2-final.TM8ChV/ordinary/measured/raw/measured_r01_a1_o06_braced_ast_10k_candidate.raw
braced_ast_10k	2	1	CB	21.53	23.28	0.078147311487	35520	35800	280	/tmp/yulang-gate2-final.TM8ChV/ordinary/measured/raw/measured_r02_a1_o03_braced_ast_10k_baseline.raw	/tmp/yulang-gate2-final.TM8ChV/ordinary/measured/raw/measured_r02_a1_o03_braced_ast_10k_candidate.raw
braced_ast_10k	3	1	BC	18.92	18.48	-0.023530497410	35532	35788	256	/tmp/yulang-gate2-final.TM8ChV/ordinary/measured/raw/measured_r03_a1_o06_braced_ast_10k_baseline.raw	/tmp/yulang-gate2-final.TM8ChV/ordinary/measured/raw/measured_r03_a1_o06_braced_ast_10k_candidate.raw
braced_ast_10k	4	1	CB	20.13	25.48	0.235682591052	35524	35532	8	/tmp/yulang-gate2-final.TM8ChV/ordinary/measured/raw/measured_r04_a1_o03_braced_ast_10k_baseline.raw	/tmp/yulang-gate2-final.TM8ChV/ordinary/measured/raw/measured_r04_a1_o03_braced_ast_10k_candidate.raw
braced_ast_10k	5	1	BC	19.99	19.97	-0.001001001085	35520	35928	408	/tmp/yulang-gate2-final.TM8ChV/ordinary/measured/raw/measured_r05_a1_o06_braced_ast_10k_baseline.raw	/tmp/yulang-gate2-final.TM8ChV/ordinary/measured/raw/measured_r05_a1_o06_braced_ast_10k_candidate.raw
braced_ast_10k	6	1	CB	18.50	21.01	0.127227782773	35516	35800	284	/tmp/yulang-gate2-final.TM8ChV/ordinary/measured/raw/measured_r06_a1_o03_braced_ast_10k_baseline.raw	/tmp/yulang-gate2-final.TM8ChV/ordinary/measured/raw/measured_r06_a1_o03_braced_ast_10k_candidate.raw
braced_ast_10k	7	1	BC	17.77	22.54	0.237779866445	35648	35532	-116	/tmp/yulang-gate2-final.TM8ChV/ordinary/measured/raw/measured_r07_a1_o06_braced_ast_10k_baseline.raw	/tmp/yulang-gate2-final.TM8ChV/ordinary/measured/raw/measured_r07_a1_o06_braced_ast_10k_candidate.raw
braced_ast_10k	8	1	CB	18.83	20.24	0.072209501750	35648	35788	140	/tmp/yulang-gate2-final.TM8ChV/ordinary/measured/raw/measured_r08_a1_o03_braced_ast_10k_baseline.raw	/tmp/yulang-gate2-final.TM8ChV/ordinary/measured/raw/measured_r08_a1_o03_braced_ast_10k_candidate.raw
braced_ast_10k	9	1	BC	19.30	19.21	-0.004674119130	35648	35788	140	/tmp/yulang-gate2-final.TM8ChV/ordinary/measured/raw/measured_r09_a1_o06_braced_ast_10k_baseline.raw	/tmp/yulang-gate2-final.TM8ChV/ordinary/measured/raw/measured_r09_a1_o06_braced_ast_10k_candidate.raw
braced_ast_10k	10	3	CB	23.28	23.81	0.022511037636	35648	35800	152	/tmp/yulang-gate2-final.TM8ChV/ordinary/measured/raw/measured_r10_a3_o03_braced_ast_10k_baseline.raw	/tmp/yulang-gate2-final.TM8ChV/ordinary/measured/raw/measured_r10_a3_o03_braced_ast_10k_candidate.raw
braced_ast_10k	11	1	BC	20.59	18.40	-0.112454856425	35520	35660	140	/tmp/yulang-gate2-final.TM8ChV/ordinary/measured/raw/measured_r11_a1_o06_braced_ast_10k_baseline.raw	/tmp/yulang-gate2-final.TM8ChV/ordinary/measured/raw/measured_r11_a1_o06_braced_ast_10k_candidate.raw
braced_ast_10k	12	1	CB	19.23	19.30	0.003633536310	35520	35788	268	/tmp/yulang-gate2-final.TM8ChV/ordinary/measured/raw/measured_r12_a1_o03_braced_ast_10k_baseline.raw	/tmp/yulang-gate2-final.TM8ChV/ordinary/measured/raw/measured_r12_a1_o03_braced_ast_10k_candidate.raw
braced_ast_10k	13	1	BC	14.39	15.40	0.067833988520	35520	35800	280	/tmp/yulang-gate2-final.TM8ChV/ordinary/measured/raw/measured_r13_a1_o06_braced_ast_10k_baseline.raw	/tmp/yulang-gate2-final.TM8ChV/ordinary/measured/raw/measured_r13_a1_o06_braced_ast_10k_candidate.raw
braced_ast_10k	14	1	CB	13.70	13.91	0.015212173101	35520	35788	268	/tmp/yulang-gate2-final.TM8ChV/ordinary/measured/raw/measured_r14_a1_o03_braced_ast_10k_baseline.raw	/tmp/yulang-gate2-final.TM8ChV/ordinary/measured/raw/measured_r14_a1_o03_braced_ast_10k_candidate.raw
braced_ast_10k	15	1	BC	13.05	12.52	-0.041460768097	35648	35788	140	/tmp/yulang-gate2-final.TM8ChV/ordinary/measured/raw/measured_r15_a1_o06_braced_ast_10k_baseline.raw	/tmp/yulang-gate2-final.TM8ChV/ordinary/measured/raw/measured_r15_a1_o06_braced_ast_10k_candidate.raw
braced_ast_10k	16	1	CB	12.23	13.35	0.087624435147	35644	35916	272	/tmp/yulang-gate2-final.TM8ChV/ordinary/measured/raw/measured_r16_a1_o03_braced_ast_10k_baseline.raw	/tmp/yulang-gate2-final.TM8ChV/ordinary/measured/raw/measured_r16_a1_o03_braced_ast_10k_candidate.raw
braced_ast_10k	17	1	BC	15.48	15.61	0.008362866366	35648	35528	-120	/tmp/yulang-gate2-final.TM8ChV/ordinary/measured/raw/measured_r17_a1_o06_braced_ast_10k_baseline.raw	/tmp/yulang-gate2-final.TM8ChV/ordinary/measured/raw/measured_r17_a1_o06_braced_ast_10k_candidate.raw
braced_ast_10k	18	1	CB	13.58	13.93	0.025446665661	35520	35532	12	/tmp/yulang-gate2-final.TM8ChV/ordinary/measured/raw/measured_r18_a1_o03_braced_ast_10k_baseline.raw	/tmp/yulang-gate2-final.TM8ChV/ordinary/measured/raw/measured_r18_a1_o03_braced_ast_10k_candidate.raw
braced_ast_10k	19	1	BC	13.35	12.65	-0.053859169673	35520	35532	12	/tmp/yulang-gate2-final.TM8ChV/ordinary/measured/raw/measured_r19_a1_o06_braced_ast_10k_baseline.raw	/tmp/yulang-gate2-final.TM8ChV/ordinary/measured/raw/measured_r19_a1_o06_braced_ast_10k_candidate.raw
braced_ast_10k	20	1	CB	13.09	14.45	0.098845834637	35520	35788	268	/tmp/yulang-gate2-final.TM8ChV/ordinary/measured/raw/measured_r20_a1_o03_braced_ast_10k_baseline.raw	/tmp/yulang-gate2-final.TM8ChV/ordinary/measured/raw/measured_r20_a1_o03_braced_ast_10k_candidate.raw
braced_ast_10k	21	1	BC	13.12	13.85	0.054147449117	35520	35408	-112	/tmp/yulang-gate2-final.TM8ChV/ordinary/measured/raw/measured_r21_a1_o06_braced_ast_10k_baseline.raw	/tmp/yulang-gate2-final.TM8ChV/ordinary/measured/raw/measured_r21_a1_o06_braced_ast_10k_candidate.raw
braced_ast_10k	22	1	CB	12.55	12.93	0.029829527206	35652	35792	140	/tmp/yulang-gate2-final.TM8ChV/ordinary/measured/raw/measured_r22_a1_o03_braced_ast_10k_baseline.raw	/tmp/yulang-gate2-final.TM8ChV/ordinary/measured/raw/measured_r22_a1_o03_braced_ast_10k_candidate.raw
braced_ast_10k	23	1	BC	12.55	12.32	-0.018496707472	35660	35916	256	/tmp/yulang-gate2-final.TM8ChV/ordinary/measured/raw/measured_r23_a1_o06_braced_ast_10k_baseline.raw	/tmp/yulang-gate2-final.TM8ChV/ordinary/measured/raw/measured_r23_a1_o06_braced_ast_10k_candidate.raw
braced_ast_10k	24	1	CB	12.43	12.21	-0.017857617400	35520	35800	280	/tmp/yulang-gate2-final.TM8ChV/ordinary/measured/raw/measured_r24_a1_o03_braced_ast_10k_baseline.raw	/tmp/yulang-gate2-final.TM8ChV/ordinary/measured/raw/measured_r24_a1_o03_braced_ast_10k_candidate.raw
braced_direct_1k	1	1	BC	17.03	17.63	0.034625501735	8576	8832	256	/tmp/yulang-gate2-final.TM8ChV/ordinary/measured/raw/measured_r01_a1_o07_braced_direct_1k_baseline.raw	/tmp/yulang-gate2-final.TM8ChV/ordinary/measured/raw/measured_r01_a1_o07_braced_direct_1k_candidate.raw
braced_direct_1k	2	1	CB	15.21	16.66	0.091057530467	8704	8704	0	/tmp/yulang-gate2-final.TM8ChV/ordinary/measured/raw/measured_r02_a1_o02_braced_direct_1k_baseline.raw	/tmp/yulang-gate2-final.TM8ChV/ordinary/measured/raw/measured_r02_a1_o02_braced_direct_1k_candidate.raw
braced_direct_1k	3	1	BC	11.81	14.39	0.197586890690	8576	8576	0	/tmp/yulang-gate2-final.TM8ChV/ordinary/measured/raw/measured_r03_a1_o07_braced_direct_1k_baseline.raw	/tmp/yulang-gate2-final.TM8ChV/ordinary/measured/raw/measured_r03_a1_o07_braced_direct_1k_candidate.raw
braced_direct_1k	4	1	CB	13.93	15.00	0.074005413310	8448	8704	256	/tmp/yulang-gate2-final.TM8ChV/ordinary/measured/raw/measured_r04_a1_o02_braced_direct_1k_baseline.raw	/tmp/yulang-gate2-final.TM8ChV/ordinary/measured/raw/measured_r04_a1_o02_braced_direct_1k_candidate.raw
braced_direct_1k	5	1	BC	13.28	13.50	0.016430541396	8704	8832	128	/tmp/yulang-gate2-final.TM8ChV/ordinary/measured/raw/measured_r05_a1_o07_braced_direct_1k_baseline.raw	/tmp/yulang-gate2-final.TM8ChV/ordinary/measured/raw/measured_r05_a1_o07_braced_direct_1k_candidate.raw
braced_direct_1k	6	1	CB	12.06	12.07	0.000828843810	8448	8704	256	/tmp/yulang-gate2-final.TM8ChV/ordinary/measured/raw/measured_r06_a1_o02_braced_direct_1k_baseline.raw	/tmp/yulang-gate2-final.TM8ChV/ordinary/measured/raw/measured_r06_a1_o02_braced_direct_1k_candidate.raw
braced_direct_1k	7	1	BC	13.59	13.72	0.009520394135	8576	8704	128	/tmp/yulang-gate2-final.TM8ChV/ordinary/measured/raw/measured_r07_a1_o07_braced_direct_1k_baseline.raw	/tmp/yulang-gate2-final.TM8ChV/ordinary/measured/raw/measured_r07_a1_o07_braced_direct_1k_candidate.raw
braced_direct_1k	8	1	CB	12.58	13.33	0.057908882918	8576	8448	-128	/tmp/yulang-gate2-final.TM8ChV/ordinary/measured/raw/measured_r08_a1_o02_braced_direct_1k_baseline.raw	/tmp/yulang-gate2-final.TM8ChV/ordinary/measured/raw/measured_r08_a1_o02_braced_direct_1k_candidate.raw
braced_direct_1k	9	1	BC	12.61	12.49	-0.009561825839	8704	8576	-128	/tmp/yulang-gate2-final.TM8ChV/ordinary/measured/raw/measured_r09_a1_o07_braced_direct_1k_baseline.raw	/tmp/yulang-gate2-final.TM8ChV/ordinary/measured/raw/measured_r09_a1_o07_braced_direct_1k_candidate.raw
braced_direct_1k	10	3	CB	13.64	14.24	0.043048253569	8576	8832	256	/tmp/yulang-gate2-final.TM8ChV/ordinary/measured/raw/measured_r10_a3_o02_braced_direct_1k_baseline.raw	/tmp/yulang-gate2-final.TM8ChV/ordinary/measured/raw/measured_r10_a3_o02_braced_direct_1k_candidate.raw
braced_direct_1k	11	1	BC	10.78	13.40	0.217562141476	8320	8832	512	/tmp/yulang-gate2-final.TM8ChV/ordinary/measured/raw/measured_r11_a1_o07_braced_direct_1k_baseline.raw	/tmp/yulang-gate2-final.TM8ChV/ordinary/measured/raw/measured_r11_a1_o07_braced_direct_1k_candidate.raw
braced_direct_1k	12	1	CB	13.88	12.40	-0.112752482468	8320	8832	512	/tmp/yulang-gate2-final.TM8ChV/ordinary/measured/raw/measured_r12_a1_o02_braced_direct_1k_baseline.raw	/tmp/yulang-gate2-final.TM8ChV/ordinary/measured/raw/measured_r12_a1_o02_braced_direct_1k_candidate.raw
braced_direct_1k	13	1	BC	9.76	9.89	0.013231745210	8320	8704	384	/tmp/yulang-gate2-final.TM8ChV/ordinary/measured/raw/measured_r13_a1_o07_braced_direct_1k_baseline.raw	/tmp/yulang-gate2-final.TM8ChV/ordinary/measured/raw/measured_r13_a1_o07_braced_direct_1k_candidate.raw
braced_direct_1k	14	1	CB	9.69	10.24	0.055207193709	8448	8832	384	/tmp/yulang-gate2-final.TM8ChV/ordinary/measured/raw/measured_r14_a1_o02_braced_direct_1k_baseline.raw	/tmp/yulang-gate2-final.TM8ChV/ordinary/measured/raw/measured_r14_a1_o02_braced_direct_1k_candidate.raw
braced_direct_1k	15	1	BC	8.82	8.21	-0.071668946554	8320	8704	384	/tmp/yulang-gate2-final.TM8ChV/ordinary/measured/raw/measured_r15_a1_o07_braced_direct_1k_baseline.raw	/tmp/yulang-gate2-final.TM8ChV/ordinary/measured/raw/measured_r15_a1_o07_braced_direct_1k_candidate.raw
braced_direct_1k	16	1	CB	8.63	8.83	0.022910509521	8448	8832	384	/tmp/yulang-gate2-final.TM8ChV/ordinary/measured/raw/measured_r16_a1_o02_braced_direct_1k_baseline.raw	/tmp/yulang-gate2-final.TM8ChV/ordinary/measured/raw/measured_r16_a1_o02_braced_direct_1k_candidate.raw
braced_direct_1k	17	1	BC	10.83	11.14	0.028222173486	8576	8448	-128	/tmp/yulang-gate2-final.TM8ChV/ordinary/measured/raw/measured_r17_a1_o07_braced_direct_1k_baseline.raw	/tmp/yulang-gate2-final.TM8ChV/ordinary/measured/raw/measured_r17_a1_o07_braced_direct_1k_candidate.raw
braced_direct_1k	18	1	CB	8.99	10.35	0.140873671228	8704	8576	-128	/tmp/yulang-gate2-final.TM8ChV/ordinary/measured/raw/measured_r18_a1_o02_braced_direct_1k_baseline.raw	/tmp/yulang-gate2-final.TM8ChV/ordinary/measured/raw/measured_r18_a1_o02_braced_direct_1k_candidate.raw
braced_direct_1k	19	1	BC	9.23	8.42	-0.091849220261	8704	8448	-256	/tmp/yulang-gate2-final.TM8ChV/ordinary/measured/raw/measured_r19_a1_o07_braced_direct_1k_baseline.raw	/tmp/yulang-gate2-final.TM8ChV/ordinary/measured/raw/measured_r19_a1_o07_braced_direct_1k_candidate.raw
braced_direct_1k	20	1	CB	8.33	8.85	0.060554002841	8320	8448	128	/tmp/yulang-gate2-final.TM8ChV/ordinary/measured/raw/measured_r20_a1_o02_braced_direct_1k_baseline.raw	/tmp/yulang-gate2-final.TM8ChV/ordinary/measured/raw/measured_r20_a1_o02_braced_direct_1k_candidate.raw
braced_direct_1k	21	1	BC	8.78	8.54	-0.027715399847	8320	8832	512	/tmp/yulang-gate2-final.TM8ChV/ordinary/measured/raw/measured_r21_a1_o07_braced_direct_1k_baseline.raw	/tmp/yulang-gate2-final.TM8ChV/ordinary/measured/raw/measured_r21_a1_o07_braced_direct_1k_candidate.raw
braced_direct_1k	22	1	CB	9.14	8.80	-0.037908663982	8704	8576	-128	/tmp/yulang-gate2-final.TM8ChV/ordinary/measured/raw/measured_r22_a1_o02_braced_direct_1k_baseline.raw	/tmp/yulang-gate2-final.TM8ChV/ordinary/measured/raw/measured_r22_a1_o02_braced_direct_1k_candidate.raw
braced_direct_1k	23	1	BC	8.02	8.34	0.039124794492	8320	8448	128	/tmp/yulang-gate2-final.TM8ChV/ordinary/measured/raw/measured_r23_a1_o07_braced_direct_1k_baseline.raw	/tmp/yulang-gate2-final.TM8ChV/ordinary/measured/raw/measured_r23_a1_o07_braced_direct_1k_candidate.raw
braced_direct_1k	24	1	CB	8.24	9.02	0.090443990153	8576	8576	0	/tmp/yulang-gate2-final.TM8ChV/ordinary/measured/raw/measured_r24_a1_o02_braced_direct_1k_baseline.raw	/tmp/yulang-gate2-final.TM8ChV/ordinary/measured/raw/measured_r24_a1_o02_braced_direct_1k_candidate.raw
braced_direct_10k	1	1	BC	28.94	33.37	0.142432571560	10116	10256	140	/tmp/yulang-gate2-final.TM8ChV/ordinary/measured/raw/measured_r01_a1_o08_braced_direct_10k_baseline.raw	/tmp/yulang-gate2-final.TM8ChV/ordinary/measured/raw/measured_r01_a1_o08_braced_direct_10k_candidate.raw
braced_direct_10k	2	1	CB	26.96	28.14	0.042837765642	10244	10384	140	/tmp/yulang-gate2-final.TM8ChV/ordinary/measured/raw/measured_r02_a1_o01_braced_direct_10k_baseline.raw	/tmp/yulang-gate2-final.TM8ChV/ordinary/measured/raw/measured_r02_a1_o01_braced_direct_10k_candidate.raw
braced_direct_10k	3	1	BC	23.11	24.25	0.048151193097	10244	10384	140	/tmp/yulang-gate2-final.TM8ChV/ordinary/measured/raw/measured_r03_a1_o08_braced_direct_10k_baseline.raw	/tmp/yulang-gate2-final.TM8ChV/ordinary/measured/raw/measured_r03_a1_o08_braced_direct_10k_candidate.raw
braced_direct_10k	4	1	CB	21.34	23.39	0.091725334722	10116	10288	172	/tmp/yulang-gate2-final.TM8ChV/ordinary/measured/raw/measured_r04_a1_o01_braced_direct_10k_baseline.raw	/tmp/yulang-gate2-final.TM8ChV/ordinary/measured/raw/measured_r04_a1_o01_braced_direct_10k_candidate.raw
braced_direct_10k	5	1	BC	20.75	19.26	-0.074515840307	10372	10128	-244	/tmp/yulang-gate2-final.TM8ChV/ordinary/measured/raw/measured_r05_a1_o08_braced_direct_10k_baseline.raw	/tmp/yulang-gate2-final.TM8ChV/ordinary/measured/raw/measured_r05_a1_o08_braced_direct_10k_candidate.raw
braced_direct_10k	6	1	CB	19.08	18.39	-0.036833627404	10116	10128	12	/tmp/yulang-gate2-final.TM8ChV/ordinary/measured/raw/measured_r06_a1_o01_braced_direct_10k_baseline.raw	/tmp/yulang-gate2-final.TM8ChV/ordinary/measured/raw/measured_r06_a1_o01_braced_direct_10k_candidate.raw
braced_direct_10k	7	1	BC	21.23	22.91	0.076158220750	9860	10384	524	/tmp/yulang-gate2-final.TM8ChV/ordinary/measured/raw/measured_r07_a1_o08_braced_direct_10k_baseline.raw	/tmp/yulang-gate2-final.TM8ChV/ordinary/measured/raw/measured_r07_a1_o08_braced_direct_10k_candidate.raw
braced_direct_10k	8	1	CB	22.04	22.16	0.005429877594	9988	10260	272	/tmp/yulang-gate2-final.TM8ChV/ordinary/measured/raw/measured_r08_a1_o01_braced_direct_10k_baseline.raw	/tmp/yulang-gate2-final.TM8ChV/ordinary/measured/raw/measured_r08_a1_o01_braced_direct_10k_candidate.raw
braced_direct_10k	9	1	BC	20.58	21.25	0.032037164965	9988	10512	524	/tmp/yulang-gate2-final.TM8ChV/ordinary/measured/raw/measured_r09_a1_o08_braced_direct_10k_baseline.raw	/tmp/yulang-gate2-final.TM8ChV/ordinary/measured/raw/measured_r09_a1_o08_braced_direct_10k_candidate.raw
braced_direct_10k	10	3	CB	22.76	25.05	0.095869218273	9860	10256	396	/tmp/yulang-gate2-final.TM8ChV/ordinary/measured/raw/measured_r10_a3_o01_braced_direct_10k_baseline.raw	/tmp/yulang-gate2-final.TM8ChV/ordinary/measured/raw/measured_r10_a3_o01_braced_direct_10k_candidate.raw
braced_direct_10k	11	1	BC	16.84	18.94	0.117519078944	10244	10512	268	/tmp/yulang-gate2-final.TM8ChV/ordinary/measured/raw/measured_r11_a1_o08_braced_direct_10k_baseline.raw	/tmp/yulang-gate2-final.TM8ChV/ordinary/measured/raw/measured_r11_a1_o08_braced_direct_10k_candidate.raw
braced_direct_10k	12	1	CB	20.84	22.08	0.057798004524	10116	10384	268	/tmp/yulang-gate2-final.TM8ChV/ordinary/measured/raw/measured_r12_a1_o01_braced_direct_10k_baseline.raw	/tmp/yulang-gate2-final.TM8ChV/ordinary/measured/raw/measured_r12_a1_o01_braced_direct_10k_candidate.raw
braced_direct_10k	13	1	BC	16.41	16.66	0.015119731637	10372	10256	-116	/tmp/yulang-gate2-final.TM8ChV/ordinary/measured/raw/measured_r13_a1_o08_braced_direct_10k_baseline.raw	/tmp/yulang-gate2-final.TM8ChV/ordinary/measured/raw/measured_r13_a1_o08_braced_direct_10k_candidate.raw
braced_direct_10k	14	1	CB	15.15	16.60	0.091402163407	10244	10128	-116	/tmp/yulang-gate2-final.TM8ChV/ordinary/measured/raw/measured_r14_a1_o01_braced_direct_10k_baseline.raw	/tmp/yulang-gate2-final.TM8ChV/ordinary/measured/raw/measured_r14_a1_o01_braced_direct_10k_candidate.raw
braced_direct_10k	15	1	BC	13.54	13.97	0.031263905785	10244	10256	12	/tmp/yulang-gate2-final.TM8ChV/ordinary/measured/raw/measured_r15_a1_o08_braced_direct_10k_baseline.raw	/tmp/yulang-gate2-final.TM8ChV/ordinary/measured/raw/measured_r15_a1_o08_braced_direct_10k_candidate.raw
braced_direct_10k	16	1	CB	13.97	14.50	0.037236476158	9988	10256	268	/tmp/yulang-gate2-final.TM8ChV/ordinary/measured/raw/measured_r16_a1_o01_braced_direct_10k_baseline.raw	/tmp/yulang-gate2-final.TM8ChV/ordinary/measured/raw/measured_r16_a1_o01_braced_direct_10k_candidate.raw
braced_direct_10k	17	1	BC	16.73	15.87	-0.052772980460	10244	10384	140	/tmp/yulang-gate2-final.TM8ChV/ordinary/measured/raw/measured_r17_a1_o08_braced_direct_10k_baseline.raw	/tmp/yulang-gate2-final.TM8ChV/ordinary/measured/raw/measured_r17_a1_o08_braced_direct_10k_candidate.raw
braced_direct_10k	18	1	CB	14.91	16.05	0.073676720799	10116	10256	140	/tmp/yulang-gate2-final.TM8ChV/ordinary/measured/raw/measured_r18_a1_o01_braced_direct_10k_baseline.raw	/tmp/yulang-gate2-final.TM8ChV/ordinary/measured/raw/measured_r18_a1_o01_braced_direct_10k_candidate.raw
braced_direct_10k	19	1	BC	13.79	13.88	0.006505263273	10248	10128	-120	/tmp/yulang-gate2-final.TM8ChV/ordinary/measured/raw/measured_r19_a1_o08_braced_direct_10k_baseline.raw	/tmp/yulang-gate2-final.TM8ChV/ordinary/measured/raw/measured_r19_a1_o08_braced_direct_10k_candidate.raw
braced_direct_10k	20	1	CB	13.60	14.26	0.047388622244	10244	10512	268	/tmp/yulang-gate2-final.TM8ChV/ordinary/measured/raw/measured_r20_a1_o01_braced_direct_10k_baseline.raw	/tmp/yulang-gate2-final.TM8ChV/ordinary/measured/raw/measured_r20_a1_o01_braced_direct_10k_candidate.raw
braced_direct_10k	21	1	BC	13.76	13.51	-0.018335680533	10244	10124	-120	/tmp/yulang-gate2-final.TM8ChV/ordinary/measured/raw/measured_r21_a1_o08_braced_direct_10k_baseline.raw	/tmp/yulang-gate2-final.TM8ChV/ordinary/measured/raw/measured_r21_a1_o08_braced_direct_10k_candidate.raw
braced_direct_10k	22	1	CB	13.21	14.75	0.110268964252	10244	10256	12	/tmp/yulang-gate2-final.TM8ChV/ordinary/measured/raw/measured_r22_a1_o01_braced_direct_10k_baseline.raw	/tmp/yulang-gate2-final.TM8ChV/ordinary/measured/raw/measured_r22_a1_o01_braced_direct_10k_candidate.raw
braced_direct_10k	23	1	BC	13.03	13.16	0.009927534760	10112	10128	16	/tmp/yulang-gate2-final.TM8ChV/ordinary/measured/raw/measured_r23_a1_o08_braced_direct_10k_baseline.raw	/tmp/yulang-gate2-final.TM8ChV/ordinary/measured/raw/measured_r23_a1_o08_braced_direct_10k_candidate.raw
braced_direct_10k	24	1	CB	12.82	13.90	0.080882388644	9988	10256	268	/tmp/yulang-gate2-final.TM8ChV/ordinary/measured/raw/measured_r24_a1_o01_braced_direct_10k_baseline.raw	/tmp/yulang-gate2-final.TM8ChV/ordinary/measured/raw/measured_r24_a1_o01_braced_direct_10k_candidate.raw
